name,nickname,born,record,earnings_$,height_cm,reach_cm,weight_kg,weight_class,last_fight
Екатерина Шакалова,N/A,1997.08.31,8-2-0 (Win-Loss-Draw),$0 USD,"5'2"" (158cm)","62.6"" (159cm)",144.2 lbs,Featherweight,"May 17, 2024"
Emily Marisa Ducote,Gordinha,1994.01.01,13-9-0 (Win-Loss-Draw),$0 USD,"5'2"" (157cm)","63.0"" (160cm)",115.5 lbs,Strawweight,"May 18, 2024"
Fabacary Diatta,N/A,1996.10.16,9-1-0 (Win-Loss-Draw),$0 USD,"5'9"" (175cm)","70.5"" (179cm)",145.4 lbs,Featherweight,"May 12, 2023"
Dumitru Girlean,N/A,1994.11.07,8-2-0 (Win-Loss-Draw),$0 USD,"5'9"" (175cm)",N/A,154.3 lbs,Lightweight,"April 20, 2024"
Ana Talita de Oliveira Alencar,Problem Child,1990.10.17,5-0-1 (Win-Loss-Draw),$0 USD,"5'1"" (155cm)","58.5"" (149cm)",116.0 lbs,Strawweight,"December 09, 2023"
Michael Joseph Perry,Platinum,1991.09.15,14-8-0 (Win-Loss-Draw),"$744,000 USD","5'10"" (178cm)","71.0"" (180cm)",170.0 lbs,Welterweight,"April 10, 2021"
Diana Irena Belbiţă,The Warrior Princess,1996.06.26,15-9-0 (Win-Loss-Draw),$0 USD,"5'7"" (170cm)","68.0"" (173cm)",116.0 lbs,Strawweight,"February 03, 2024"
Jamal Pogues,The Stormtrooper,1995.12.01,11-4-0 (Win-Loss-Draw),$0 USD,"6'3"" (191cm)","77.0"" (196cm)",265.5 lbs,Heavyweight,"February 03, 2024"
Dan Argueta,The Determined,1993.08.13,"9-2-0, 2 NC (Win-Loss-Draw)",$0 USD,"5'7"" (170cm)","68.0"" (173cm)",136.0 lbs,Bantamweight,"April 06, 2024"
Elise Reed,N/A,1992.12.05,7-4-0 (Win-Loss-Draw),$0 USD,"5'3"" (160cm)","63.0"" (160cm)",115.5 lbs,Strawweight,"September 16, 2023"
Nong Stamp,N/A,1997.09.27,11-2-0 (Win-Loss-Draw),$0 USD,"5'2"" (157cm)","63.0"" (160cm)",114.1 lbs,Strawweight,"September 29, 2023"
Carlos Hernandez,N/A,1993.10.25,9-3-0 (Win-Loss-Draw),$0 USD,"5'8"" (173cm)","67.0"" (170cm)",125.0 lbs,Flyweight,"December 09, 2023"
"田丸 辰, Tamaru Toki",N/A,2002.02.06,N/A,$0 USD,"5'4"" (163cm)",N/A,N/A,Flyweight,N/A
Marc Diakiese,Bonecrusher,1993.03.16,17-7-0 (Win-Loss-Draw),"$214,000 USD","5'10"" (178cm)","73.0"" (185cm)",155.0 lbs,Lightweight,"November 04, 2023"
"吉成名高, Yoshinari Nadaka",N/A,2001.01.08,N/A,$0 USD,"5'4"" (163cm)",N/A,N/A,Atomweight,N/A
Luana Carolina Carvalho de Souza,Dread,1993.06.11,10-4-0 (Win-Loss-Draw),$0 USD,"5'6"" (168cm)","69.0"" (175cm)",128.0 lbs,Flyweight,"February 03, 2024"
Davion Robby Franklin,All Day,1994.06.21,6-2-0 (Win-Loss-Draw),$0 USD,"6'3"" (191cm)","80.0"" (203cm)",265.0 lbs,Heavyweight,"October 07, 2023"
Natalia Yuryevna Kuziutina,Kuzya,1989.05.08,5-1-0 (Win-Loss-Draw),$0 USD,"5'3"" (160cm)","64.5"" (164cm)",115.4 lbs,Strawweight,"December 15, 2023"
Mitchell McKee,Merciless,1997.12.24,6-0-0 (Win-Loss-Draw),$0 USD,"5'7"" (170cm)","66.0"" (168cm)",135.8 lbs,Bantamweight,"April 26, 2024"
Johnathan Thomas Dodson III,The Magician,1984.09.26,24-14-0 (Win-Loss-Draw),"$642,000 USD","5'3"" (161cm)","66.0"" (168cm)",135.4 lbs,Flyweight,"December 31, 2023"
Kyle Driscoll,N/A,1994.09.23,14-4-0 (Win-Loss-Draw),$0 USD,"5'11"" (180cm)","72.0"" (183cm)",155.7 lbs,Lightweight,"June 02, 2023"
Lucero Acosta,La Loba,1994.08.23,5-2-0 (Win-Loss-Draw),$0 USD,"5'6"" (168cm)","69.0"" (175cm)",124.0 lbs,Flyweight,"December 17, 2023"
James Hendin,N/A,1997.11.12,9-2-0 (Win-Loss-Draw),$0 USD,"5'8"" (173cm)","71.0"" (180cm)",145.7 lbs,Featherweight,"April 20, 2024"
Renato Valente Alves,Índio,1992.08.02,10-6-0 (Win-Loss-Draw),"$2,400 USD","6'1"" (185cm)","73.5"" (187cm)",184.8 lbs,Middleweight,"August 18, 2023"
Jaclyn Cheree Cataline,The Hybrid,1988.05.27,4-3-0 (Win-Loss-Draw),$0 USD,"5'6"" (168cm)","65.5"" (166cm)",145.4 lbs,Featherweight,"October 07, 2023"
Sabina Mazo Isaza,Colombian Queen,1997.03.25,10-4-0 (Win-Loss-Draw),"$44,000 USD","5'7"" (170cm)","70.0"" (178cm)",125.0 lbs,Flyweight,"August 04, 2023"
Cody Stamann,The Spartan,1989.11.09,21-7-1 (Win-Loss-Draw),"$337,000 USD","5'6"" (168cm)","64.5"" (164cm)",135.8 lbs,Bantamweight,"June 08, 2024"
Diego Lopes,N/A,N/A,N/A,$0 USD,N/A,N/A,N/A,Featherweight,"June 10, 2017"
"최두호, Choi Doo Ho",The Korean Superboy,1991.04.06,14-4-1 (Win-Loss-Draw),"$274,000 USD","5'10"" (178cm)","70.0"" (178cm)",145.5 lbs,Featherweight,"February 04, 2023"
Jamey-Lyn Horth,N/A,1990.03.30,6-1-0 (Win-Loss-Draw),$0 USD,"5'7"" (170cm)","66.0"" (168cm)",125.5 lbs,Flyweight,"December 02, 2023"
Rosemary Brito Conceição,N/A,1997.05.13,7-0-0 (Win-Loss-Draw),$0 USD,"5'5"" (165cm)",N/A,114.8 lbs,Strawweight,"July 07, 2023"
Лоик Раджабов,The Tajik Tank,1990.09.17,18-5-1 (Win-Loss-Draw),"$100,000 USD","5'11"" (180cm)","69.0"" (175cm)",155.5 lbs,Lightweight,"March 02, 2024"
"정찬성, Jung Chan Sung",The Korean Zombie,1987.03.17,17-8-0 (Win-Loss-Draw),"$574,000 USD","5'7"" (171cm)","72.0"" (183cm)",146.0 lbs,Featherweight,"August 26, 2023"
Alfred Walker,Freight Train,1987.04.03,12-7-0 (Win-Loss-Draw),$0 USD,"5'8"" (173cm)","70.5"" (179cm)",145.0 lbs,Featherweight,"February 09, 2024"
"宋克南, Song Kenan",The Assassin,1990.03.10,21-8-0 (Win-Loss-Draw),"$50,000 USD","6'0"" (182cm)","71.5"" (182cm)",170.5 lbs,Welterweight,"December 09, 2023"
Devin Smyth,The Prodigy,1995.07.21,"10-4-0, 1 NC (Win-Loss-Draw)",$0 USD,"5'10"" (178cm)","73.0"" (185cm)",169.4 lbs,Welterweight,"February 23, 2024"
Evelyn Martins,Spartan,2002.09.07,5-1-0 (Win-Loss-Draw),$0 USD,"5'8"" (173cm)","67.5"" (171cm)",147.0 lbs,Featherweight,"June 16, 2023"
Neiman Gracie,N/A,1988.12.12,12-5-0 (Win-Loss-Draw),"$100,000 USD","6'0"" (183cm)","74.0"" (188cm)",170.2 lbs,Welterweight,"April 19, 2024"
Kamarudeen Usman,Nigerian Nightmare,1987.05.11,20-4-0 (Win-Loss-Draw),"$1,794,000 USD","6'0"" (183cm)","76.0"" (193cm)",184.5 lbs,Middleweight,"October 21, 2023"
Garry Lee Tonon,The Lion Killer,1991.09.12,9-1-0 (Win-Loss-Draw),$0 USD,"5'10"" (178cm)","69.0"" (175cm)",N/A,Lightweight,"January 28, 2024"
Берхамов Мухамед,Cherkes,1994.01.17,"16-2-0, 1 NC (Win-Loss-Draw)","$80,000 USD","6'0"" (183cm)","73.0"" (185cm)",178.4 lbs,Middleweight,"October 07, 2023"
အောင်လအန်ဆန်း,The Burmese Python,1985.05.21,"30-13-0, 1 NC (Win-Loss-Draw)",$0 USD,"6'1"" (186cm)",N/A,219.2 lbs,Light Heavyweight,"May 05, 2023"
Randi Field,Rose City Phoenix,1990.04.25,4-1-0 (Win-Loss-Draw),"$4,000 USD","5'3"" (160cm)","62.0"" (157cm)",120.0 lbs,Flyweight,"March 31, 2023"
Cody Law,N/A,1995.03.24,8-2-0 (Win-Loss-Draw),$0 USD,"5'9"" (175cm)","68.5"" (174cm)",145.4 lbs,Featherweight,"November 17, 2023"
Crystal Vanessa Demopoulos,Lil Monster,1988.09.22,11-5-0 (Win-Loss-Draw),"$74,000 USD","5'2"" (157cm)","59.5"" (151cm)",116.0 lbs,Strawweight,"May 18, 2024"
Marouan Ioannis Bachar,N/A,N/A,9-2-0 (Win-Loss-Draw),$0 USD,"6'1"" (185cm)","72.0"" (183cm)",169.4 lbs,Welterweight,"November 11, 2023"
Carlos Diego Ferreira,N/A,N/A,2-4-0 (Win-Loss-Draw),$0 USD,N/A,N/A,N/A,Lightweight,"October 16, 2010"
Norbert Novenyi Jr.,Magic,1999.10.06,7-0-0 (Win-Loss-Draw),$0 USD,"5'11"" (180cm)",N/A,185.0 lbs,Middleweight,"June 16, 2023"
Bruna Emanuele Brasil,The Special One,1993.09.07,9-4-1 (Win-Loss-Draw),$0 USD,"5'6"" (168cm)","65.5"" (166cm)",115.5 lbs,Strawweight,"February 10, 2024"
Geraldo Coelho de Lima Neto,Luan Santana,1990.12.09,18-7-0 (Win-Loss-Draw),$0 USD,"5'11"" (180cm)","72.0"" (183cm)",169.6 lbs,Welterweight,"March 23, 2024"
Shajidul Haque,Superman,1990.10.29,16-5-0 (Win-Loss-Draw),$0 USD,"5'5"" (165cm)",N/A,124.4 lbs,Flyweight,"July 29, 2023"
Isaiah Hokit,The Central Valley Gangster,1996.05.07,3-1-0 (Win-Loss-Draw),$0 USD,"5'10"" (178cm)","69.0"" (175cm)",145.6 lbs,Featherweight,"February 04, 2023"
Valeriu Mircea,The Solitary Wolf,1993.10.05,30-9-1 (Win-Loss-Draw),$0 USD,"5'10"" (178cm)","72.4"" (184cm)",154.5 lbs,Lightweight,"April 06, 2024"
Waldo Cortes-Acosta,Salsa Boy,1991.10.03,12-1-0 (Win-Loss-Draw),$0 USD,"6'4"" (193cm)","78.0"" (198cm)",262.0 lbs,Heavyweight,"May 11, 2024"
Abdul Razak Alhassan,Judo Thunder,1985.08.11,12-6-0 (Win-Loss-Draw),"$240,000 USD","5'10"" (178cm)","73.0"" (185cm)",184.5 lbs,Middleweight,"October 07, 2023"
Диана Авсарагова,Pantera,1998.08.07,6-1-0 (Win-Loss-Draw),$0 USD,"5'7"" (169cm)","65.5"" (166cm)",127.2 lbs,Flyweight,"August 11, 2023"
Josuely Eduarda de Moura,Ronda,1994.02.28,10-1-0 (Win-Loss-Draw),$0 USD,"5'6"" (167cm)","66.0"" (168cm)",116.5 lbs,Strawweight,"June 08, 2024"
Robert Seronio III,The Humble Warrior,1998.05.21,4-0-0 (Win-Loss-Draw),"$7,000 USD","5'7"" (170cm)","70.0"" (178cm)",138.0 lbs,Bantamweight,"October 07, 2023"
Marcin Prachnio,N/A,1988.07.14,17-7-0 (Win-Loss-Draw),"$75,000 USD","6'3"" (191cm)","74.0"" (188cm)",204.5 lbs,Light Heavyweight,"February 10, 2024"
Eduardo Henrique da Silva,Chapolin,1995.11.23,12-2-0 (Win-Loss-Draw),$0 USD,N/A,N/A,124.0 lbs,Flyweight,"November 17, 2023"
Tyrell Fortune,N/A,1990.07.04,"13-2-0, 2 NC (Win-Loss-Draw)","$75,000 USD","6'2"" (188cm)","77.0"" (196cm)",259.6 lbs,Heavyweight,"April 21, 2023"
Trevin Dewayne Giles,The Problem,1992.08.06,16-6-0 (Win-Loss-Draw),"$147,000 USD","6'0"" (183cm)","74.0"" (188cm)",171.0 lbs,Welterweight,"February 10, 2024"
Andrzej Grzebyk,Double Champ,1990.11.25,21-6-0 (Win-Loss-Draw),$0 USD,"6'0"" (184cm)","76.0"" (193cm)",170.0 lbs,Welterweight,"December 16, 2023"
伊澤星花,N/A,1997.11.01,13-0-0 (Win-Loss-Draw),$0 USD,"5'2"" (157cm)","64.0"" (163cm)",107.0 lbs,Atomweight,"March 24, 2024"
Charlie Campbell,The Cannibal,1995.07.03,9-2-0 (Win-Loss-Draw),"$50,000 USD","6'0"" (183cm)","72.5"" (184cm)",155.0 lbs,Lightweight,"April 06, 2024"
Kyle Crutchmer,N/A,1993.05.05,10-2-0 (Win-Loss-Draw),"$50,000 USD","5'9"" (175cm)","68.0"" (173cm)",171.0 lbs,Welterweight,"June 16, 2023"
Themba Takura Lawrence Gorimbo,The Answer,1991.01.23,13-4-0 (Win-Loss-Draw),$0 USD,"6'1"" (185cm)","77.0"" (196cm)",170.5 lbs,Welterweight,"May 18, 2024"
Luana Munize Barbosa Pinheiro,N/A,1993.11.18,11-3-0 (Win-Loss-Draw),$0 USD,"5'4"" (163cm)","62.0"" (157cm)",116.0 lbs,Strawweight,"May 18, 2024"
Matheus Mattos Mendes,Adamas,1992.06.06,14-2-1 (Win-Loss-Draw),"$10,000 USD","5'5"" (165cm)","67.0"" (170cm)",135.2 lbs,Bantamweight,"November 17, 2023"
Arkadiusz Wrzosek,Hightower,1992.06.03,5-0-0 (Win-Loss-Draw),$0 USD,"6'7"" (201cm)","82.7"" (210cm)",241.2 lbs,Heavyweight,"May 11, 2024"
Шараф Давлатмуродов,Wolfhound,1992.04.02,19-5-1 (Win-Loss-Draw),$0 USD,"5'11"" (180cm)","73.5"" (187cm)",185.4 lbs,Middleweight,"April 19, 2024"
Ante Delija,Walking Trouble,1990.08.07,24-6-0 (Win-Loss-Draw),"$66,000 USD","6'5"" (196cm)","79.0"" (201cm)",244.0 lbs,Heavyweight,"April 04, 2024"
Denise Kielholtz,Miss Dynamite,1989.03.30,8-5-0 (Win-Loss-Draw),$0 USD,"5'3"" (160cm)","66.0"" (168cm)",124.0 lbs,Flyweight,"November 17, 2023"
Lucas Alexander,The Lion,1995.07.28,8-4-0 (Win-Loss-Draw),$0 USD,"5'11"" (180cm)","73.0"" (185cm)",148.0 lbs,Featherweight,"November 18, 2023"
Blake Richard Bilder,El Animal,1990.07.12,8-2-1 (Win-Loss-Draw),$0 USD,"5'8"" (173cm)","68.5"" (174cm)",144.5 lbs,Featherweight,"February 03, 2024"
Esteban Ribovics Marijan,El Gringo,1996.04.27,13-1-0 (Win-Loss-Draw),$0 USD,"5'10"" (178cm)","69.0"" (175cm)",155.0 lbs,Lightweight,"May 11, 2024"
Jamie Patrick Mullarkey,N/A,1994.08.17,17-8-0 (Win-Loss-Draw),"$100,000 USD","6'0"" (183cm)","74.0"" (188cm)",155.0 lbs,Lightweight,"May 04, 2024"
Raul Gilberto Rosas Rios,El Niño Problema,2004.10.08,9-1-0 (Win-Loss-Draw),"$150,000 USD","5'9"" (175cm)","67.0"" (170cm)",136.0 lbs,Bantamweight,"June 08, 2024"
Claudio Da Silva Ribeiro,N/A,1992.07.17,11-5-0 (Win-Loss-Draw),$0 USD,"6'1"" (185cm)","77.0"" (196cm)",185.5 lbs,Middleweight,"March 02, 2024"
Tyson Pedro,N/A,1991.09.17,10-5-0 (Win-Loss-Draw),"$160,000 USD","6'3"" (191cm)","79.0"" (201cm)",205.5 lbs,Light Heavyweight,"March 02, 2024"
Melquizael Costa da Conceição,Melk Cauthy,1996.09.14,20-7-0 (Win-Loss-Draw),$0 USD,"5'10"" (178cm)","73.0"" (185cm)",155.5 lbs,Lightweight,"December 09, 2023"
Chris Gonzalez,CG,1991.07.29,8-3-0 (Win-Loss-Draw),"$10,000 USD","5'11"" (180cm)","73.0"" (185cm)",155.4 lbs,Lightweight,"May 12, 2023"
Jared Gooden,NiteTrain,1993.12.05,23-9-0 (Win-Loss-Draw),"$50,000 USD","6'0"" (183cm)","77.0"" (196cm)",171.0 lbs,Welterweight,"December 02, 2023"
Danni McCormack,Mac,1990.03.15,8-2-0 (Win-Loss-Draw),$0 USD,"5'4"" (163cm)","61.5"" (156cm)",114.6 lbs,Strawweight,"October 27, 2023"
Joselyne Edwards Loboriel,La Pantera,1995.09.29,13-6-0 (Win-Loss-Draw),$0 USD,"5'8"" (173cm)","70.0"" (178cm)",136.0 lbs,Bantamweight,"June 01, 2024"
Daniel Frunza,Tigano,1994.04.13,8-2-0 (Win-Loss-Draw),$0 USD,"6'1"" (185cm)",N/A,170.0 lbs,Welterweight,"October 27, 2023"
Jesus Santos Aguilar Rodriguez,N/A,1996.03.13,10-2-0 (Win-Loss-Draw),$0 USD,"5'4"" (163cm)","62.0"" (157cm)",126.0 lbs,Flyweight,"February 24, 2024"
Сергей Билостенный,N/A,1995.10.23,12-3-0 (Win-Loss-Draw),$0 USD,"6'1"" (185cm)","75.0"" (191cm)",248.4 lbs,Heavyweight,"April 04, 2024"
Tereza Bledá,N/A,2001.11.30,7-1-0 (Win-Loss-Draw),$0 USD,"5'9"" (175cm)","71.0"" (180cm)",125.0 lbs,Flyweight,"June 17, 2023"
Darren Stewart,The Dentist,1990.12.30,"16-10-0, 2 NC (Win-Loss-Draw)","$182,000 USD","6'0"" (183cm)","74.0"" (188cm)",194.5 lbs,Light Heavyweight,"March 30, 2024"
Jake Matthews,The Celtic Kid,1994.08.19,20-7-0 (Win-Loss-Draw),"$172,000 USD","5'11"" (180cm)","73.0"" (185cm)",170.0 lbs,Welterweight,"June 01, 2024"
"Jakub Kaszuba, The Boar",The Auditor,1995.06.02,12-0-0 (Win-Loss-Draw),$0 USD,"5'11"" (180cm)","73.0"" (185cm)",154.9 lbs,Lightweight,"March 07, 2024"
Joseph Solecki,N/A,1993.08.27,13-5-0 (Win-Loss-Draw),"$50,000 USD","5'9"" (175cm)","70.5"" (179cm)",155.0 lbs,Lightweight,"June 01, 2024"
Nathaniel Wood,The Prospect,1993.08.05,19-6-0 (Win-Loss-Draw),"$124,000 USD","5'6"" (168cm)","69.0"" (175cm)",146.0 lbs,Featherweight,"October 21, 2023"
Keri Anne Taylor-Melendez,N/A,1984.05.12,6-0-0 (Win-Loss-Draw),"$75,000 USD","5'6"" (168cm)","67.5"" (171cm)",126.6 lbs,Flyweight,"November 17, 2023"
Азамат Бекоев,King Pin,1995.12.30,17-3-0 (Win-Loss-Draw),$0 USD,"5'11"" (180cm)","72.0"" (183cm)",185.0 lbs,Middleweight,"December 15, 2023"
Roberto Hernandez,Green Light,1993.07.04,9-3-0 (Win-Loss-Draw),$0 USD,"5'8"" (173cm)",N/A,135.5 lbs,Featherweight,"June 07, 2024"
"최승우, Choi Seung Woo",Sting,1992.11.03,11-6-0 (Win-Loss-Draw),"$50,000 USD","6'0"" (183cm)","74.5"" (189cm)",146.0 lbs,Featherweight,"August 26, 2023"
Альберт Дураев,Machete,1989.01.05,16-5-0 (Win-Loss-Draw),"$5,000 USD","5'11"" (180cm)","75.0"" (191cm)",185.0 lbs,Middleweight,"July 15, 2023"
Alexander Munoz,N/A,1990.02.27,7-2-0 (Win-Loss-Draw),$0 USD,"5'9"" (175cm)","72.0"" (183cm)",155.5 lbs,Lightweight,"July 15, 2023"
Miles Johns,Chapo,1994.03.30,"14-2-0, 1 NC (Win-Loss-Draw)","$100,000 USD","5'7"" (170cm)","66.0"" (168cm)",136.0 lbs,Bantamweight,"March 23, 2024"
Karolline Rosa Cavedo,N/A,1994.12.30,17-6-0 (Win-Loss-Draw),"$78,000 USD","5'5"" (165cm)","67.5"" (171cm)",135.5 lbs,Bantamweight,"December 16, 2023"
Jefferson Nascimento,Todynho,N/A,11-0-0 (Win-Loss-Draw),$0 USD,"5'7"" (170cm)",N/A,154.6 lbs,Lightweight,"November 03, 2023"
Ange Loosa,The Last Ninja,1994.03.18,"10-3-0, 1 NC (Win-Loss-Draw)","$24,000 USD","5'10"" (178cm)","74.0"" (188cm)",171.0 lbs,Welterweight,"March 16, 2024"
Ignacio A Bahamondes Carabantes,La Jaula,1997.08.27,15-5-0 (Win-Loss-Draw),"$100,000 USD","6'3"" (191cm)","75.5"" (192cm)",156.0 lbs,Lightweight,"April 06, 2024"
Trevor Peek,N/A,1995.01.09,"9-2-0, 1 NC (Win-Loss-Draw)","$50,000 USD","5'9"" (175cm)","70.0"" (178cm)",155.5 lbs,Lightweight,"April 06, 2024"
Jordan Leavitt,The Monkey King,1995.06.02,11-3-0 (Win-Loss-Draw),"$100,000 USD","5'9"" (175cm)","71.0"" (180cm)",155.5 lbs,Lightweight,"November 18, 2023"
Adam Fugitt,N/A,1989.01.12,9-4-0 (Win-Loss-Draw),$0 USD,"6'1"" (185cm)","77.0"" (196cm)",170.8 lbs,Welterweight,"June 10, 2023"
Ashton Fletcher,The Ghost,1997.02.18,10-4-0 (Win-Loss-Draw),"$10,000 USD","5'10"" (178cm)","67.0"" (170cm)",170.5 lbs,Welterweight,"May 25, 2024"
Elizeu Zaleski dos Santos,Capoeira,1986.11.12,24-8-1 (Win-Loss-Draw),"$194,000 USD","5'11"" (180cm)","73.0"" (185cm)",170.0 lbs,Welterweight,"June 01, 2024"
Jeka Asparido Saragih,Si Tendangan Maut,1995.01.01,14-3-0 (Win-Loss-Draw),"$50,000 USD","5'8"" (172cm)","69.0"" (175cm)",146.0 lbs,Featherweight,"November 18, 2023"
Kleidison De Sousa Rodrigues,KR,1995.10.22,8-4-0 (Win-Loss-Draw),$0 USD,"5'5"" (165cm)","67.0"" (170cm)",135.5 lbs,Bantamweight,"May 18, 2024"
Michał Materla,Cipao,1984.04.10,33-11-0 (Win-Loss-Draw),"$12,000 USD","6'0"" (183cm)","75.6"" (192cm)",185.6 lbs,Middleweight,"March 16, 2024"
Gabriel Miranda,Fly,1990.03.25,17-6-0 (Win-Loss-Draw),$0 USD,"5'11"" (180cm)","71.0"" (180cm)",145.0 lbs,Featherweight,"September 09, 2023"
Yanal Ashmouz,Red Fox,1995.03.31,7-1-0 (Win-Loss-Draw),$0 USD,"5'9"" (175cm)","68.0"" (173cm)",155.0 lbs,Lightweight,"July 22, 2023"
Mamed Khalidov,Cannibal,1980.07.17,37-8-2 (Win-Loss-Draw),"$7,000 USD","6'0"" (183cm)","76.4"" (194cm)",186.1 lbs,Middleweight,"June 03, 2023"
Yusuf Karakaya,Baracuda,N/A,2-0-0 (Win-Loss-Draw),$0 USD,"6'2"" (188cm)","71.0"" (180cm)",170.2 lbs,Welterweight,"February 04, 2023"
Rafael Ramos Estevam,Macapá,1996.08.10,12-0-0 (Win-Loss-Draw),$0 USD,"5'8"" (173cm)","69.0"" (175cm)",128.0 lbs,Flyweight,"November 18, 2023"
Dakota Lili-Joa Ditcheva,Dangerous,1998.07.11,11-0-0 (Win-Loss-Draw),$0 USD,"5'8"" (173cm)","70.0"" (178cm)",125.2 lbs,Flyweight,"April 04, 2024"
Talita Bernardo,N/A,1987.03.04,10-4-0 (Win-Loss-Draw),$0 USD,"5'4"" (163cm)","68.0"" (173cm)",135.0 lbs,Bantamweight,"January 18, 2023"
Ketlen Gabriela Da Silva Souza,Esquentadinha,1995.08.18,14-4-0 (Win-Loss-Draw),$0 USD,"5'3"" (161cm)","63.0"" (160cm)",115.5 lbs,Strawweight,"April 27, 2024"
Taylor Lapilus,Double Impact,1992.04.08,20-4-0 (Win-Loss-Draw),$0 USD,"5'6"" (168cm)","73.0"" (185cm)",135.5 lbs,Bantamweight,"June 08, 2024"
Charles William Radtke,Chuck Buffalo,1990.07.09,9-4-0 (Win-Loss-Draw),$0 USD,"5'9"" (175cm)","72.0"" (183cm)",171.0 lbs,Welterweight,"June 08, 2024"
Rayanne Amanda dos Santos,N/A,1995.06.08,14-8-0 (Win-Loss-Draw),$0 USD,"5'2"" (157cm)","62.0"" (157cm)",116.0 lbs,Strawweight,"June 08, 2024"
Joaquim Antônio Magalhães Silva,Netto BJJ,1989.02.05,13-5-0 (Win-Loss-Draw),"$172,000 USD","5'8"" (173cm)","69.0"" (175cm)",155.5 lbs,Lightweight,"May 04, 2024"
Brendan Loughnane,N/A,1989.12.05,28-5-0 (Win-Loss-Draw),"$220,000 USD","5'9"" (176cm)","71.0"" (180cm)",145.8 lbs,Featherweight,"April 19, 2024"
Jordan Vucenic,The Epidemic,1996.03.02,12-2-0 (Win-Loss-Draw),$0 USD,"5'9"" (175cm)","72.0"" (183cm)",145.8 lbs,Featherweight,"March 30, 2024"
Потеря Игорь,Duelist,1996.05.29,21-6-0 (Win-Loss-Draw),"$50,000 USD","6'3"" (190cm)","75.0"" (191cm)",185.0 lbs,Middleweight,"May 04, 2024"
Zebaztian Kadestam,The Bandit,1990.09.27,15-7-0 (Win-Loss-Draw),$0 USD,"6'0"" (183cm)",N/A,170.0 lbs,Middleweight,"May 05, 2023"
傲日其楞,The Mongolian Murderer,1993.06.25,"25-11-0, 1 NC (Win-Loss-Draw)","$74,000 USD","5'7"" (170cm)","69.3"" (176cm)",136.0 lbs,Bantamweight,"February 10, 2024"
"井上瑞樹, Inoue Mizuki",N/A,1994.08.19,15-6-0 (Win-Loss-Draw),"$2,000 USD","5'3"" (160cm)","64.0"" (163cm)",115.5 lbs,Strawweight,"September 23, 2023"
Hugo Cunha,Silverback,1993.02.04,8-1-0 (Win-Loss-Draw),$0 USD,"6'4"" (193cm)",N/A,258.8 lbs,Heavyweight,"November 03, 2023"
Montserrat Rendon,Monster,1989.03.16,6-1-0 (Win-Loss-Draw),$0 USD,"5'8"" (172cm)","68.0"" (173cm)",135.0 lbs,Bantamweight,"March 23, 2024"
Parker Porter,N/A,1985.04.22,14-9-0 (Win-Loss-Draw),$0 USD,"6'0"" (183cm)","75.0"" (191cm)",256.0 lbs,Heavyweight,"August 26, 2023"
Asaël Adjoudj,The Sultan,1999.01.16,8-1-0 (Win-Loss-Draw),$0 USD,"6'0"" (182cm)","71.5"" (182cm)",145.9 lbs,Featherweight,"May 17, 2024"
Jamall Emmers,Pretty Boy,1989.07.24,20-8-0 (Win-Loss-Draw),"$10,000 USD","5'10"" (178cm)","74.0"" (188cm)",145.0 lbs,Featherweight,"March 30, 2024"
Brian Moore,The Pikeman,1987.08.13,16-10-0 (Win-Loss-Draw),$0 USD,"5'8"" (173cm)","69.0"" (175cm)",145.4 lbs,Bantamweight,"September 23, 2023"
Josefine Lindgren Knutsson,Thunder,1996.01.16,7-0-0 (Win-Loss-Draw),$0 USD,"5'3"" (160cm)","60.0"" (152cm)",115.5 lbs,Strawweight,"September 16, 2023"
Evan Elder,The Phenom,1997.04.11,8-2-0 (Win-Loss-Draw),"$50,000 USD","5'10"" (178cm)","71.0"" (180cm)",156.0 lbs,Lightweight,"July 15, 2023"
Ode’ Omaani Osbourne,The Jamaican Sensation,1992.01.09,"12-7-0, 1 NC (Win-Loss-Draw)","$88,000 USD","5'7"" (171cm)","73.0"" (185cm)",125.5 lbs,Flyweight,"March 16, 2024"
Kenny Mokhonoana,Black Diamond,1997.01.20,5-1-0 (Win-Loss-Draw),$0 USD,"6'0"" (183cm)","73.0"" (185cm)",145.5 lbs,Featherweight,"September 23, 2023"
Sean Woodson,The Sniper,1992.06.07,12-1-1 (Win-Loss-Draw),"$36,000 USD","6'2"" (189cm)","78.0"" (198cm)",145.0 lbs,Featherweight,"May 11, 2024"
Zachary Taala Pauga,The High Chief,1988.02.25,7-3-0 (Win-Loss-Draw),$0 USD,"6'2"" (188cm)","76.0"" (193cm)",241.6 lbs,Heavyweight,"May 31, 2024"
Garrett Armfield,N/A,1996.10.09,10-3-0 (Win-Loss-Draw),$0 USD,"5'6"" (168cm)","70.0"" (178cm)",135.3 lbs,Bantamweight,"January 20, 2024"
Melsik Baghdasaryan,The Gun,1992.01.28,8-2-0 (Win-Loss-Draw),"$50,000 USD","5'9"" (175cm)","70.0"" (178cm)",145.5 lbs,Featherweight,"July 15, 2023"
Cody Davis,N/A,1994.08.17,9-2-0 (Win-Loss-Draw),$0 USD,"5'3"" (160cm)","66.5"" (169cm)",125.0 lbs,Flyweight,"May 17, 2024"
Alfie Davis,The Axe Man,1992.02.25,17-4-1 (Win-Loss-Draw),$0 USD,"5'11"" (180cm)","70.0"" (178cm)",155.6 lbs,Lightweight,"March 22, 2024"
Саид Нурмагомедов,N/A,1992.04.05,18-3-0 (Win-Loss-Draw),"$150,000 USD","5'8"" (173cm)","70.0"" (178cm)",136.0 lbs,Bantamweight,"October 21, 2023"
Gregory Felipe Santos Rodrigues,Robocop,1992.02.17,15-5-0 (Win-Loss-Draw),"$150,000 USD","6'3"" (191cm)","75.0"" (191cm)",186.0 lbs,Middleweight,"February 10, 2024"
Вугар Кярамов,Vugi,1992.02.20,19-5-0 (Win-Loss-Draw),$0 USD,"5'9"" (176cm)","70.5"" (179cm)",144.6 lbs,Featherweight,"November 04, 2023"
Jack Jenkins,Phar,1993.03.11,12-3-0 (Win-Loss-Draw),$0 USD,"5'7"" (170cm)","68.0"" (173cm)",145.9 lbs,Featherweight,"September 09, 2023"
Bruna Ellen,N/A,1996.06.26,7-4-0 (Win-Loss-Draw),$0 USD,"5'4"" (163cm)","65.0"" (165cm)",125.6 lbs,Flyweight,"April 22, 2023"
Robert Ruchała,N/A,1998.05.15,10-1-0 (Win-Loss-Draw),$0 USD,"5'10"" (178cm)","72.4"" (184cm)",144.2 lbs,Featherweight,"May 11, 2024"
Rhys McKee,Skeletor,1995.09.10,13-6-1 (Win-Loss-Draw),$0 USD,"6'2"" (188cm)","78.0"" (198cm)",170.3 lbs,Welterweight,"March 30, 2024"
Adrian Bartosiński,Bartos,1995.08.26,16-0-0 (Win-Loss-Draw),$0 USD,"5'11"" (181cm)","71.7"" (182cm)",170.0 lbs,Welterweight,"May 11, 2024"
Payton Talbott,N/A,1998.09.09,8-0-0 (Win-Loss-Draw),"$50,000 USD","5'10"" (178cm)","70.0"" (178cm)",135.5 lbs,Bantamweight,"March 23, 2024"
Fernando Lucas,N/A,N/A,N/A,$0 USD,N/A,N/A,N/A,,"September 18, 2022"
Timothy Carl Means,The Dirty Bird,1984.02.20,"33-16-1, 1 NC (Win-Loss-Draw)","$586,000 USD","6'2"" (188cm)","75.0"" (191cm)",171.0 lbs,Welterweight,"April 27, 2024"
Bryce Meredith,Misfit,1995.04.30,6-0-0 (Win-Loss-Draw),$0 USD,"5'9"" (175cm)","68.5"" (174cm)",135.8 lbs,Bantamweight,"April 04, 2024"
JaCobi Jones,Big Toe,1996.05.24,6-3-0 (Win-Loss-Draw),$0 USD,"5'9"" (175cm)","72.0"" (183cm)",155.2 lbs,Lightweight,"January 12, 2024"
Jake Hadley,White Kong,1996.08.03,10-3-0 (Win-Loss-Draw),"$50,000 USD","5'7"" (170cm)","70.0"" (178cm)",125.0 lbs,Flyweight,"May 11, 2024"
Jerrell Hodge,Thunderkat,1989.11.24,10-4-0 (Win-Loss-Draw),$0 USD,"5'6"" (168cm)","70.0"" (178cm)",135.6 lbs,Bantamweight,"August 11, 2023"
Alessandro Costa,Nono,1996.01.28,14-4-0 (Win-Loss-Draw),"$100,000 USD","5'4"" (163cm)","67.0"" (170cm)",125.0 lbs,Flyweight,"May 04, 2024"
Paweł Pawlak,Plastinho,1989.02.08,23-4-1 (Win-Loss-Draw),$0 USD,"6'0"" (183cm)","74.0"" (188cm)",184.7 lbs,Middleweight,"December 16, 2023"
Mandy Böhm,Monster,1989.07.30,"8-2-0, 1 NC (Win-Loss-Draw)",$0 USD,"5'7"" (170cm)","71.0"" (180cm)",126.0 lbs,Flyweight,"May 13, 2023"
Alexandr Anatolyevich Romanov,King Kong,1990.12.11,17-3-0 (Win-Loss-Draw),"$86,000 USD","6'2"" (188cm)","75.0"" (191cm)",265.0 lbs,Heavyweight,"June 01, 2024"
Eduardo José Neves,Bebezao,2000.03.16,8-3-0 (Win-Loss-Draw),$0 USD,"6'2"" (188cm)","78.5"" (199cm)",264.2 lbs,Heavyweight,"May 18, 2024"
Miguel Felipe Bunes da Silva,Felipinho,1989.10.26,13-7-0 (Win-Loss-Draw),$0 USD,"5'7"" (170cm)","71.0"" (180cm)",125.5 lbs,Flyweight,"January 13, 2024"
The meal deal,The Hillbilly Hammer,1993.07.02,7-1-0 (Win-Loss-Draw),$0 USD,"6'0"" (183cm)","73.0"" (185cm)",184.3 lbs,Middleweight,"May 17, 2024"
Caolán Loughran,The Don,1996.05.18,9-1-0 (Win-Loss-Draw),$0 USD,"5'6"" (168cm)","68.0"" (173cm)",135.0 lbs,Bantamweight,"March 30, 2024"
Yves Landu,You Know,1986.08.13,21-9-0 (Win-Loss-Draw),$0 USD,"5'8"" (173cm)","73.0"" (185cm)",145.4 lbs,Featherweight,"May 17, 2024"
Sullivan Cauley,Sully,1996.05.15,6-1-0 (Win-Loss-Draw),"$4,000 USD","6'3"" (191cm)","74.5"" (189cm)",205.6 lbs,Light Heavyweight,"August 11, 2023"
Gaston Andre Bolaños,The Dreamkiller,1992.09.14,7-4-0 (Win-Loss-Draw),"$87,000 USD","5'7"" (170cm)","69.0"" (175cm)",135.5 lbs,Bantamweight,"January 13, 2024"
Victor Altamirano Romano,El Magnifico,1991.01.23,12-4-0 (Win-Loss-Draw),"$70,000 USD","5'8"" (173cm)","70.0"" (178cm)",125.0 lbs,Flyweight,"February 24, 2024"
George Hardwick,N/A,1996.12.06,12-2-0 (Win-Loss-Draw),$0 USD,"5'10"" (178cm)","72.0"" (183cm)",155.0 lbs,Lightweight,"August 15, 2023"
Billy Goff,N/A,1998.06.18,9-3-0 (Win-Loss-Draw),"$50,000 USD","5'10"" (178cm)","72.5"" (184cm)",170.3 lbs,Welterweight,"May 11, 2024"
Jordan Oliver,That Dude,1990.05.08,1-0-0 (Win-Loss-Draw),$0 USD,"5'6"" (168cm)","70.5"" (179cm)",145.6 lbs,Featherweight,"August 11, 2023"
Jakob Nedoh,The Gorilla,1996.10.01,8-2-0 (Win-Loss-Draw),$0 USD,"6'3"" (191cm)","73.0"" (185cm)",206.0 lbs,Light Heavyweight,"April 12, 2024"
Josh Hokit,The Incredible Hok,1997.11.12,1-0-0 (Win-Loss-Draw),$0 USD,"6'1"" (185cm)",N/A,246.0 lbs,Heavyweight,"October 07, 2023"
Marcirley Alves da Silva,Durin,1999.07.22,12-3-0 (Win-Loss-Draw),$0 USD,"5'4"" (163cm)","68.0"" (173cm)",135.2 lbs,Bantamweight,"August 11, 2023"
Mark Ewen,N/A,N/A,5-1-0 (Win-Loss-Draw),$0 USD,"6'0"" (183cm)","74.0"" (188cm)",155.1 lbs,Lightweight,"June 08, 2024"
Марина Мохнаткина,N/A,1988.05.12,11-4-0 (Win-Loss-Draw),"$32,000 USD","5'6"" (168cm)","66.0"" (168cm)",144.0 lbs,Featherweight,"November 24, 2023"
Sinead Kavanagh,KO,1986.02.01,9-6-0 (Win-Loss-Draw),$0 USD,"5'7"" (170cm)","68.0"" (173cm)",145.8 lbs,Featherweight,"September 23, 2023"
Marina Alcalde Rodriguez,N/A,1987.04.29,17-4-2 (Win-Loss-Draw),"$100,000 USD","5'6"" (168cm)","65.0"" (165cm)",116.0 lbs,Strawweight,"April 13, 2024"
Javier Garcia,El Mariachi,1992.07.03,"11-5-0, 1 NC (Win-Loss-Draw)",$0 USD,"5'10"" (178cm)","69.0"" (175cm)",145.0 lbs,Featherweight,"June 07, 2024"
Henry Corrales,OK,1986.08.11,21-8-0 (Win-Loss-Draw),"$186,000 USD","5'8"" (173cm)","70.0"" (178cm)",155.7 lbs,Lightweight,"February 24, 2024"
Charles Anthony Johnson,InnerG,1991.01.10,15-6-0 (Win-Loss-Draw),"$50,000 USD","5'9"" (175cm)","70.0"" (178cm)",125.5 lbs,Flyweight,"May 11, 2024"
Zhakwarius Ya'myl Jose Johnson,Lobo Solitario,1995.05.20,16-8-0 (Win-Loss-Draw),$0 USD,"6'0"" (183cm)","71.5"" (182cm)",136.0 lbs,Bantamweight,"November 18, 2023"
Khurshed Kakhorov,Killer,1992.02.20,13-1-0 (Win-Loss-Draw),$0 USD,"5'8"" (173cm)","68.0"" (173cm)",135.7 lbs,Bantamweight,"June 08, 2024"
渡辺華奈,N/A,1988.08.21,13-2-1 (Win-Loss-Draw),$0 USD,"5'6"" (167cm)","66.0"" (168cm)",125.0 lbs,Flyweight,"April 04, 2024"
菊入正行,N/A,1995.06.30,9-2-1 (Win-Loss-Draw),$0 USD,"6'0"" (184cm)","73.5"" (187cm)",169.0 lbs,Welterweight,"April 22, 2023"
Brent Primus,N/A,1985.04.12,"13-3-0, 1 NC (Win-Loss-Draw)","$66,000 USD","5'10"" (178cm)","73.0"" (185cm)",155.8 lbs,Lightweight,"April 12, 2024"
Otto Rodrigues dos Santos Lima,N/A,1988.03.28,14-2-0 (Win-Loss-Draw),$0 USD,"5'6"" (168cm)","62.0"" (157cm)",145.2 lbs,Featherweight,"April 19, 2024"
Jason Marlon Jackson,The Ass-Kicking Machine,1990.10.30,18-4-0 (Win-Loss-Draw),"$5,000 USD","6'1"" (185cm)","78.5"" (199cm)",182.1 lbs,Middleweight,"February 24, 2024"
Larissa Moreira Pacheco,N/A,1994.09.07,23-4-0 (Win-Loss-Draw),"$98,000 USD","5'6"" (168cm)","69.0"" (175cm)",145.0 lbs,Featherweight,"November 24, 2023"
Alex Caceres,Bruce Leeroy,1988.06.20,"21-15-0, 1 NC (Win-Loss-Draw)","$752,000 USD","5'10"" (178cm)","73.5"" (187cm)",145.0 lbs,Featherweight,"May 11, 2024"
Довлетджан Ягшимуратов,Wolfhound,1989.05.22,22-7-1 (Win-Loss-Draw),"$140,000 USD","5'11"" (180cm)","72.0"" (183cm)",205.6 lbs,Light Heavyweight,"April 12, 2024"
Гаджи Рабаданов,N/A,1993.07.01,21-4-2 (Win-Loss-Draw),$0 USD,"5'8"" (173cm)","71.0"" (180cm)",155.8 lbs,Lightweight,"April 12, 2024"
Joshua Silveira,Coninha,1992.12.25,13-2-0 (Win-Loss-Draw),"$50,000 USD","6'1"" (185cm)","75.0"" (191cm)",205.4 lbs,Light Heavyweight,"April 12, 2024"
Juan Archuleta,Spaniard,1987.09.13,29-6-0 (Win-Loss-Draw),"$125,750 USD","5'7"" (170cm)","69.0"" (175cm)",134.0 lbs,Bantamweight,"June 09, 2024"
Melissa Tonya Mullins,No Mess,1991.07.23,6-1-0 (Win-Loss-Draw),$0 USD,"5'7"" (170cm)","68.0"" (173cm)",138.0 lbs,Bantamweight,"April 06, 2024"
Ciaran Clarke,N/A,1995.05.25,9-0-0 (Win-Loss-Draw),$0 USD,"5'8"" (173cm)","66.0"" (168cm)",135.5 lbs,Bantamweight,"March 22, 2024"
Philip De Fries,N/A,1986.04.21,"25-6-0, 1 NC (Win-Loss-Draw)","$15,000 USD","6'4"" (194cm)","79.0"" (201cm)",263.9 lbs,Heavyweight,"June 07, 2024"
Sam Hughes,Sampage,1992.06.28,8-6-0 (Win-Loss-Draw),$0 USD,"5'5"" (165cm)","64.5"" (164cm)",115.0 lbs,Strawweight,"February 24, 2024"
Andre Riley Givens-Fili,Touchy,1990.06.25,"23-11-0, 1 NC (Win-Loss-Draw)","$500,200 USD","5'11"" (180cm)","74.0"" (188cm)",146.0 lbs,Featherweight,"February 10, 2024"
Theo Haig,N/A,1996.08.23,3-0-0 (Win-Loss-Draw),"$4,000 USD","6'2"" (188cm)","76.0"" (193cm)",184.2 lbs,Middleweight,"August 26, 2023"
Christian Leroy Duncan,CLD,1995.07.24,10-1-0 (Win-Loss-Draw),$0 USD,"6'2"" (188cm)","79.0"" (201cm)",186.0 lbs,Middleweight,"March 02, 2024"
Richie Smullen,N/A,1991.08.17,13-3-1 (Win-Loss-Draw),"$10,000 USD","5'9"" (175cm)","71.0"" (180cm)",145.0 lbs,Lightweight,"May 17, 2024"
Jacqueline Cavalcanti,N/A,1997.08.29,6-1-0 (Win-Loss-Draw),$0 USD,"5'8"" (173cm)","70.0"" (178cm)",139.0 lbs,Featherweight,"September 02, 2023"
Хасан Магомедшарипов,N/A,2000.10.06,9-0-0 (Win-Loss-Draw),$0 USD,"5'11"" (180cm)","71.0"" (180cm)",145.6 lbs,Featherweight,"September 23, 2023"
Bradley Devin Katona,Superman,1991.12.19,14-3-0 (Win-Loss-Draw),"$80,000 USD","5'6"" (168cm)","64.5"" (164cm)",136.0 lbs,Bantamweight,"June 08, 2024"
Sarvarjon Khamidov,Sarvar,1997.04.13,15-0-0 (Win-Loss-Draw),$0 USD,"5'6"" (168cm)","68.0"" (173cm)",140.6 lbs,Featherweight,"May 12, 2023"
"鈴木千裕, Suzuki Chihiro",N/A,1999.05.14,"13-3-0, 1 NC (Win-Loss-Draw)",$0 USD,"5'8"" (173cm)","69.7"" (177cm)",145.4 lbs,Featherweight,"April 29, 2024"
Daniel Gustavo Santos,Willycat,1995.03.12,11-2-0 (Win-Loss-Draw),"$50,000 USD","5'7"" (170cm)","67.0"" (170cm)",135.5 lbs,Bantamweight,"June 03, 2023"
Clayton Carpenter,N/A,1996.06.04,7-0-0 (Win-Loss-Draw),$0 USD,"5'6"" (168cm)","66.0"" (168cm)",125.0 lbs,Flyweight,"February 18, 2023"
Athlone Dobson,N/A,1992.01.18,"7-3-0, 1 NC (Win-Loss-Draw)",$0 USD,"6'1"" (185cm)","76.0"" (193cm)",185.5 lbs,Middleweight,"March 23, 2024"
JJ Aldrich,N/A,1992.09.29,13-7-0 (Win-Loss-Draw),"$67,250 USD","5'5"" (165cm)","67.5"" (171cm)",125.3 lbs,Flyweight,"May 11, 2024"
Lorenz W. Larkin,The Monsoon,1986.09.03,"25-8-0, 2 NC (Win-Loss-Draw)","$684,975 USD","5'11"" (181cm)","72.5"" (184cm)",170.6 lbs,Welterweight,"July 29, 2023"
Martin Buday,Badys,1991.11.11,13-2-0 (Win-Loss-Draw),"$24,000 USD","6'4"" (193cm)","77.0"" (196cm)",264.5 lbs,Heavyweight,"December 16, 2023"
Wladimir Gouvea Massi Da Cunha,Blanka,1992.11.17,2-0-0 (Win-Loss-Draw),$0 USD,"6'0"" (183cm)","74.0"" (188cm)",264.0 lbs,Heavyweight,"June 16, 2023"
Денис Гольцов,The Russian Bogatyr,1990.06.10,33-8-0 (Win-Loss-Draw),"$150,000 USD","6'5"" (196cm)","78.0"" (198cm)",245.4 lbs,Heavyweight,"April 04, 2024"
"이정영, Lee Jung Young",The Korean Tiger,1995.11.13,11-1-0 (Win-Loss-Draw),$0 USD,"5'10"" (178cm)","73.0"" (185cm)",146.0 lbs,Featherweight,"February 03, 2024"
Jaqueline de Moraes Amorim Ramos,Jacque,1995.06.24,8-1-0 (Win-Loss-Draw),"$50,000 USD","5'3"" (160cm)","68.0"" (173cm)",116.0 lbs,Strawweight,"March 16, 2024"
Mick Stanton,The Huyton Hammer,1987.01.27,13-8-0 (Win-Loss-Draw),$0 USD,"5'11"" (180cm)","74.0"" (188cm)",185.8 lbs,Middleweight,"April 20, 2024"
Clay Jordan Collard,Cassius,1993.03.10,"25-12-0, 1 NC (Win-Loss-Draw)","$62,000 USD","5'11"" (180cm)","73.0"" (185cm)",155.6 lbs,Lightweight,"April 12, 2024"
Sadibou Sy,The Swedish Denzel Washington,1986.11.27,"16-8-2, 1 NC (Win-Loss-Draw)","$177,000 USD","6'3"" (191cm)","80.0"" (203cm)",205.0 lbs,Light Heavyweight,"April 12, 2024"
Cris Lencioni,Sunshine,1994.07.28,11-3-0 (Win-Loss-Draw),$0 USD,"5'10"" (178cm)","71.0"" (180cm)",152.4 lbs,Featherweight,"April 21, 2023"
Sergio Daniel Cossio Dominguez,Drako,N/A,26-9-1 (Win-Loss-Draw),$0 USD,"5'7"" (170cm)","70.0"" (178cm)",156.0 lbs,Lightweight,"October 07, 2023"
Anatoly Malykhin,Spartak,1988.01.11,14-0-0 (Win-Loss-Draw),$0 USD,"6'0"" (183cm)",N/A,N/A,Light Heavyweight,"March 01, 2024"
"강경호, Kang Kyung Ho",Mr. Perfect,1987.09.09,"19-10-0, 1 NC (Win-Loss-Draw)","$118,000 USD","5'9"" (176cm)","73.0"" (185cm)",138.0 lbs,Bantamweight,"November 11, 2023"
Christopher Gutierrez,El Guapo,1991.04.22,20-5-2 (Win-Loss-Draw),"$172,000 USD","5'9"" (175cm)","67.0"" (170cm)",136.0 lbs,Bantamweight,"December 09, 2023"
Dario Bellandi,Neanderthal,N/A,7-1-0 (Win-Loss-Draw),$0 USD,"6'3"" (190cm)",N/A,184.9 lbs,Middleweight,"November 25, 2023"
Killys Mota,N/A,1990.11.03,15-4-0 (Win-Loss-Draw),$0 USD,"5'11"" (180cm)","71.0"" (180cm)",160.0 lbs,Lightweight,"November 17, 2023"
Tanner Boser,The Bulldozer,1991.08.02,21-10-1 (Win-Loss-Draw),"$74,000 USD","6'2"" (188cm)","75.5"" (192cm)",204.5 lbs,Light Heavyweight,"August 05, 2023"
Thiago Henrique Moisés,N/A,1995.03.23,18-8-0 (Win-Loss-Draw),"$124,000 USD","5'9"" (175cm)","70.5"" (179cm)",156.0 lbs,Lightweight,"June 08, 2024"
Liam Gittins,Nightmare,N/A,13-4-0 (Win-Loss-Draw),$0 USD,"5'6"" (168cm)",N/A,134.7 lbs,Bantamweight,"March 16, 2024"
John Sweeney,Hollywood,1995.04.06,13-3-0 (Win-Loss-Draw),$0 USD,"5'7"" (170cm)","68.0"" (173cm)",135.0 lbs,Bantamweight,"June 16, 2023"
Daniel Pineda,The Pit,1985.08.06,"28-15-0, 3 NC (Win-Loss-Draw)","$326,000 USD","5'7"" (170cm)","69.0"" (175cm)",145.5 lbs,Featherweight,"June 03, 2023"
Gabriel Alves Braga,N/A,1998.04.24,13-1-0 (Win-Loss-Draw),$0 USD,"5'9"" (175cm)","72.0"" (183cm)",145.4 lbs,Featherweight,"April 19, 2024"
Sharabutdin Magomedov (Шарабутдин Магомедов),Bullet,1994.05.16,12-0-0 (Win-Loss-Draw),$0 USD,"6'2"" (188cm)","73.0"" (185cm)",186.0 lbs,Middleweight,"October 21, 2023"
Randall Joseph Brown,Rudeboy,1990.07.08,19-5-0 (Win-Loss-Draw),"$112,000 USD","6'3"" (191cm)","78.0"" (198cm)",170.0 lbs,Welterweight,"June 01, 2024"
Michał Oleksiejczuk,Hussar,1995.02.22,"19-8-0, 1 NC (Win-Loss-Draw)","$174,000 USD","6'0"" (184cm)","74.0"" (188cm)",185.0 lbs,Middleweight,"June 01, 2024"
Bradley Kaipo Sarbida Tavares,N/A,1987.12.21,20-9-0 (Win-Loss-Draw),"$497,000 USD","6'1"" (185cm)","74.0"" (188cm)",186.0 lbs,Middleweight,"February 10, 2024"
Fernando Padilla,El Valiente,1996.12.15,16-5-0 (Win-Loss-Draw),"$50,000 USD","6'1"" (186cm)","76.0"" (193cm)",145.0 lbs,Featherweight,"March 23, 2024"
Азат Максум,Qazaq,1995.02.02,15-1-0 (Win-Loss-Draw),"$50,000 USD","5'7"" (170cm)","70.0"" (178cm)",126.0 lbs,Flyweight,"February 03, 2024"
Халид Муртазалиев,N/A,1993.07.15,17-3-0 (Win-Loss-Draw),"$33,000 USD","6'0"" (183cm)","72.5"" (184cm)",186.8 lbs,Middleweight,"March 10, 2023"
Armen Karlenovich Petrosyan,Superman,1990.11.03,8-3-0 (Win-Loss-Draw),$0 USD,"6'3"" (191cm)","71.0"" (180cm)",186.0 lbs,Middleweight,"February 10, 2024"
Timothy Johnson,N/A,1985.03.13,17-9-0 (Win-Loss-Draw),"$141,000 USD","6'3"" (191cm)","78.0"" (198cm)",262.0 lbs,Heavyweight,"April 12, 2024"
Viviane Araujo Gomes,Vivi,1986.11.21,12-6-0 (Win-Loss-Draw),"$59,400 USD","5'4"" (163cm)","68.0"" (173cm)",126.0 lbs,Flyweight,"February 03, 2024"
Josiane Nunes,Josi,1993.12.23,10-2-0 (Win-Loss-Draw),"$50,000 USD","5'2"" (157cm)","67.0"" (170cm)",135.0 lbs,Bantamweight,"March 16, 2024"
Olivier Aubin-Mercier,The Canadian Gangster,1989.02.23,21-5-0 (Win-Loss-Draw),"$154,000 USD","5'9"" (175cm)","70.5"" (179cm)",154.8 lbs,Lightweight,"November 24, 2023"
James Gallagher,The Strabanimal,1996.10.24,12-3-0 (Win-Loss-Draw),$0 USD,"5'8"" (173cm)","67.0"" (170cm)",145.4 lbs,Featherweight,"March 22, 2024"
Fares Ziam,Smile Killer,1997.03.21,15-4-0 (Win-Loss-Draw),$0 USD,"6'1"" (185cm)","75.0"" (191cm)",156.0 lbs,Lightweight,"February 24, 2024"
Joseph Nathan Maness,Mayhem,1991.06.27,15-3-0 (Win-Loss-Draw),"$150,000 USD","5'10"" (178cm)","72.0"" (183cm)",126.0 lbs,Flyweight,"October 07, 2023"
Laird Anderson,N/A,1998.07.11,4-0-0 (Win-Loss-Draw),"$4,000 USD","5'7"" (170cm)","65.0"" (165cm)",146.0 lbs,Featherweight,"March 10, 2023"
Nate Landwehr,The Train,1988.06.07,18-5-0 (Win-Loss-Draw),"$286,000 USD","5'9"" (175cm)","70.5"" (179cm)",145.3 lbs,Featherweight,"March 30, 2024"
Олег Попов,N/A,1992.01.10,17-1-0 (Win-Loss-Draw),$0 USD,"6'1"" (185cm)",N/A,242.2 lbs,Heavyweight,"April 04, 2024"
Gillian Robertson,The Savage,1995.05.17,13-8-0 (Win-Loss-Draw),"$170,000 USD","5'5"" (165cm)","63.0"" (160cm)",115.8 lbs,Strawweight,"January 20, 2024"
Impa Kasanganay,Tshilobo,1994.01.17,16-4-0 (Win-Loss-Draw),$0 USD,"5'11"" (180cm)","75.0"" (191cm)",204.8 lbs,Light Heavyweight,"April 12, 2024"
Marcos Rogério de Lima,Pezão,1985.05.25,22-9-1 (Win-Loss-Draw),"$29,000 USD","6'1"" (185cm)","75.0"" (191cm)",261.5 lbs,Heavyweight,"February 17, 2024"
Joanne Wood,JoJo,1985.12.23,17-8-0 (Win-Loss-Draw),"$162,000 USD","5'6"" (168cm)","65.5"" (166cm)",125.0 lbs,Flyweight,"March 09, 2024"
Jordan Newman,Not Human,1995.07.06,6-0-0 (Win-Loss-Draw),$0 USD,"6'0"" (183cm)","73.0"" (185cm)",186.0 lbs,Middleweight,"June 16, 2023"
Jesus Pinedo,El Mudo,1996.06.22,23-6-1 (Win-Loss-Draw),$0 USD,"6'0"" (183cm)","74.0"" (188cm)",145.0 lbs,Featherweight,"November 24, 2023"
Andre Petroski,N/A,1991.06.12,10-3-0 (Win-Loss-Draw),$0 USD,"6'0"" (183cm)","73.0"" (185cm)",186.0 lbs,Middleweight,"March 30, 2024"
Aalon Cruz,N/A,1989.09.20,11-5-0 (Win-Loss-Draw),"$10,000 USD","6'0"" (183cm)","77.5"" (197cm)",155.6 lbs,Lightweight,"August 11, 2023"
Jay Jay Wilson,The Māori Kid,1997.08.02,10-1-0 (Win-Loss-Draw),"$10,000 USD","5'11"" (180cm)","74.0"" (188cm)",156.0 lbs,Lightweight,"September 23, 2023"
Isaac Dulgarian,The Midwest Choppa,1996.07.04,6-1-0 (Win-Loss-Draw),$0 USD,"5'7"" (170cm)","71.0"" (180cm)",145.5 lbs,Featherweight,"March 16, 2024"
Alex Morono,The Great White,1990.08.16,"24-10-0, 1 NC (Win-Loss-Draw)","$154,000 USD","5'11"" (180cm)","72.0"" (183cm)",170.0 lbs,Welterweight,"June 01, 2024"
Manel Kape,Starboy,1993.11.14,19-6-0 (Win-Loss-Draw),"$60,000 USD","5'5"" (165cm)","68.0"" (173cm)",126.0 lbs,Flyweight,"September 09, 2023"
Manuel Roberto Torres Cano,El Loco,1995.03.25,15-2-0 (Win-Loss-Draw),"$150,000 USD","5'10"" (178cm)","73.0"" (185cm)",155.0 lbs,Lightweight,"February 24, 2024"
James Andrew Miller,A-10,1983.08.30,"37-18-0, 1 NC (Win-Loss-Draw)","$1,816,000 USD","5'8"" (173cm)","71.0"" (180cm)",155.5 lbs,Lightweight,"April 13, 2024"
Neil Magny,Haitian Sensation,1987.08.03,29-11-0 (Win-Loss-Draw),"$1,151,000 USD","6'3"" (191cm)","80.0"" (203cm)",170.8 lbs,Welterweight,"January 20, 2024"
Josh O'Connor,N/A,1998.11.04,7-0-0 (Win-Loss-Draw),$0 USD,"5'10"" (178cm)","70.0"" (178cm)",145.8 lbs,Lightweight,"February 24, 2024"
Angela Patrice Hill,Overkill,1985.01.12,17-13-0 (Win-Loss-Draw),"$683,000 USD","5'3"" (160cm)","64.5"" (164cm)",115.5 lbs,Strawweight,"May 18, 2024"
Marcin Tybura,Tybur,1985.11.09,25-8-0 (Win-Loss-Draw),"$648,000 USD","6'3"" (191cm)","78.0"" (198cm)",247.0 lbs,Heavyweight,"March 16, 2024"
Danny Sabatello,The Italian Gangster,1993.03.31,14-4-0 (Win-Loss-Draw),$0 USD,"5'10"" (178cm)","69.5"" (177cm)",135.8 lbs,Bantamweight,"November 17, 2023"
Da'mon Marquel Blackshear,Da Monster,1994.08.12,14-6-1 (Win-Loss-Draw),"$62,000 USD","5'10"" (178cm)","72.2"" (183cm)",135.5 lbs,Bantamweight,"August 19, 2023"
Mike Breeden,Money,1989.04.21,11-6-0 (Win-Loss-Draw),$0 USD,"5'10"" (178cm)","70.0"" (178cm)",159.5 lbs,Lightweight,"October 21, 2023"
Bryce Logan,N/A,1989.12.04,13-8-0 (Win-Loss-Draw),$0 USD,"5'9"" (175cm)","70.0"" (178cm)",155.8 lbs,Lightweight,"February 23, 2024"
Thalles Renan Ferreira,Problema,1989.11.23,"13-3-0, 3 NC (Win-Loss-Draw)","$19,000 USD","6'8"" (203cm)","85.0"" (216cm)",263.2 lbs,Heavyweight,"February 24, 2024"
Thibault Gouti,GT,1987.02.27,17-7-0 (Win-Loss-Draw),"$50,000 USD","5'10"" (178cm)","73.0"" (185cm)",157.7 lbs,Lightweight,"May 17, 2024"
Terrance McKinney,T.Wrecks,1994.09.15,15-7-0 (Win-Loss-Draw),$0 USD,"5'10"" (178cm)","73.5"" (187cm)",155.3 lbs,Lightweight,"May 11, 2024"
Магомед Магомедкеримов,N/A,1990.01.10,34-6-0 (Win-Loss-Draw),"$1,275,000 USD","6'1"" (185cm)","73.0"" (185cm)",170.0 lbs,Welterweight,"November 24, 2023"
Pat Sabatini,N/A,1990.11.09,18-5-0 (Win-Loss-Draw),"$50,000 USD","5'8"" (173cm)","70.0"" (178cm)",145.8 lbs,Featherweight,"November 11, 2023"
Jafel Cavalcante Cordeiro Filho,Pastor,1993.05.05,16-3-0 (Win-Loss-Draw),"$50,000 USD","5'7"" (170cm)","68.5"" (174cm)",125.5 lbs,Flyweight,"March 16, 2024"
Andrew Martin Dober,N/A,1988.10.19,"27-13-0, 1 NC (Win-Loss-Draw)","$708,000 USD","5'8"" (173cm)","70.0"" (178cm)",156.0 lbs,Lightweight,"February 03, 2024"
Demetrious Khrisna Johnson,Mighty Mouse,1986.08.13,25-4-1 (Win-Loss-Draw),"$2,460,000 USD","5'3"" (161cm)","66.0"" (168cm)",134.5 lbs,Bantamweight,"May 05, 2023"
Нуруло Алиев,Tajik Eagle,2000.12.08,9-0-0 (Win-Loss-Draw),$0 USD,"5'10"" (178cm)","72.0"" (183cm)",155.0 lbs,Lightweight,"February 25, 2023"
Miranda Maverick,Fear The,1997.07.01,13-5-0 (Win-Loss-Draw),$0 USD,"5'3"" (161cm)","65.5"" (166cm)",126.0 lbs,Flyweight,"February 17, 2024"
Sidney Outlaw,Da Gun,1992.04.11,17-6-0 (Win-Loss-Draw),"$10,000 USD","5'9"" (175cm)","76.0"" (193cm)",156.0 lbs,Lightweight,"November 17, 2023"
Cameron Alexander Saaiman,MSP,2000.12.20,9-2-0 (Win-Loss-Draw),"$50,000 USD","5'8"" (173cm)","67.0"" (170cm)",135.0 lbs,Bantamweight,"March 23, 2024"
Bryce Andrew Mitchell,Thug Nasty,1994.10.04,16-2-0 (Win-Loss-Draw),"$152,000 USD","5'10"" (178cm)","70.0"" (178cm)",145.5 lbs,Featherweight,"December 16, 2023"
Хизриев Тимур,Imam,1995.11.19,15-0-0 (Win-Loss-Draw),$0 USD,"5'8"" (173cm)","69.0"" (175cm)",146.0 lbs,Featherweight,"April 19, 2024"
Rodolfo Bellato,Trator,1996.02.05,12-2-0 (Win-Loss-Draw),"$50,000 USD","6'3"" (191cm)","77.5"" (197cm)",205.5 lbs,Light Heavyweight,"December 02, 2023"
Виктория Дудакова,N/A,1999.01.26,8-0-0 (Win-Loss-Draw),$0 USD,"5'5"" (165cm)","67.0"" (170cm)",116.6 lbs,Strawweight,"October 21, 2023"
Aaron Pico,N/A,1996.09.23,13-4-0 (Win-Loss-Draw),"$380,000 USD","5'8"" (173cm)","71.0"" (180cm)",155.7 lbs,Lightweight,"February 24, 2024"
Levan Chokheli,N/A,1996.10.02,"13-2-0, 1 NC (Win-Loss-Draw)",$0 USD,"6'0"" (183cm)","73.0"" (185cm)",169.9 lbs,Welterweight,"September 23, 2023"
Sara Collins,N/A,1990.08.22,5-0-0 (Win-Loss-Draw),$0 USD,"5'7"" (170cm)","68.5"" (174cm)",145.3 lbs,Featherweight,"September 23, 2023"
Дмитрий Гриценко,N/A,1997.04.23,9-0-0 (Win-Loss-Draw),$0 USD,"6'0"" (183cm)",N/A,158.8 lbs,Lightweight,"October 07, 2023"
Tracy Cortez,N/A,1993.12.10,11-1-0 (Win-Loss-Draw),"$1,000 USD","5'5"" (165cm)","65.5"" (166cm)",126.0 lbs,Flyweight,"September 16, 2023"
Rakim Cleveland,The Boogeyman,1989.04.25,"23-17-1, 1 NC (Win-Loss-Draw)","$80,000 USD","6'3"" (191cm)","76.0"" (193cm)",218.8 lbs,Heavyweight,"April 20, 2024"
Cathilee Zingano,Alpha,1982.07.01,14-5-0 (Win-Loss-Draw),"$302,000 USD","5'6"" (168cm)","68.0"" (173cm)",144.6 lbs,Featherweight,"October 07, 2023"
Joshua Hill,Gentleman,1986.11.24,22-6-0 (Win-Loss-Draw),"$24,000 USD","5'6"" (168cm)","66.5"" (169cm)",136.0 lbs,Bantamweight,"August 11, 2023"
Dustin Stoltzfus,N/A,1991.11.15,15-6-0 (Win-Loss-Draw),"$50,000 USD","6'0"" (183cm)","75.0"" (191cm)",184.5 lbs,Middleweight,"June 08, 2024"
Kennedy Nzechukwu,African Savage,1992.06.13,12-5-0 (Win-Loss-Draw),"$150,000 USD","6'5"" (196cm)","83.0"" (211cm)",205.0 lbs,Light Heavyweight,"March 16, 2024"
Никита Михайлов,N/A,1998.10.27,11-3-0 (Win-Loss-Draw),$0 USD,"5'8"" (173cm)","70.0"" (178cm)",135.4 lbs,Bantamweight,"May 11, 2024"
Karl Moore,N/A,1991.10.24,12-3-0 (Win-Loss-Draw),$0 USD,"6'3"" (191cm)","75.0"" (191cm)",204.6 lbs,Light Heavyweight,"March 22, 2024"
Brady Robert Hiestand,Bam Bam,1999.04.30,7-2-0 (Win-Loss-Draw),$0 USD,"5'8"" (173cm)","71.0"" (180cm)",136.0 lbs,Bantamweight,"April 22, 2023"
Асу Алмабаев,Zulfikar,1994.01.25,19-2-0 (Win-Loss-Draw),"$50,000 USD","5'4"" (163cm)","65.0"" (165cm)",126.0 lbs,Flyweight,"March 09, 2024"
Pascall Saumani Milo,The Juggernaut,1996.09.21,5-2-0 (Win-Loss-Draw),"$50,000 USD","6'3"" (191cm)","72.0"" (183cm)",249.0 lbs,Heavyweight,"February 17, 2024"
Касум Касумов,N/A,1994.07.19,15-1-0 (Win-Loss-Draw),$0 USD,"5'8"" (172cm)","66.5"" (169cm)",135.8 lbs,Bantamweight,"August 11, 2023"
Von Kurt Holobaugh,N/A,1986.09.08,"20-8-0, 1 NC (Win-Loss-Draw)","$75,000 USD","5'11"" (180cm)","70.0"" (178cm)",155.5 lbs,Lightweight,"March 23, 2024"
Jena Rae Bishop,N/A,1986.02.22,7-0-0 (Win-Loss-Draw),$0 USD,"5'4"" (163cm)","66.5"" (169cm)",125.6 lbs,Flyweight,"April 04, 2024"
David Grant,Dangerous,1985.12.18,13-7-0 (Win-Loss-Draw),"$258,000 USD","5'8"" (173cm)","69.0"" (175cm)",136.0 lbs,Bantamweight,"July 22, 2023"
Anthony J. Smith,Lionheart,1988.07.26,38-19-0 (Win-Loss-Draw),"$906,400 USD","6'4"" (193cm)","76.0"" (193cm)",205.5 lbs,Light Heavyweight,"May 04, 2024"
Makhmud Muradov,Mach,1990.02.08,"26-8-0, 1 NC (Win-Loss-Draw)","$100,000 USD","6'2"" (188cm)","75.5"" (192cm)",185.5 lbs,Middleweight,"February 03, 2024"
Joshua Van Bawi Thawng,The Fearless,2001.10.10,10-1-0 (Win-Loss-Draw),$0 USD,"5'5"" (165cm)","65.0"" (165cm)",125.5 lbs,Flyweight,"January 13, 2024"
Nora Cornolle,Wonder,1989.12.06,8-1-0 (Win-Loss-Draw),$0 USD,"5'7"" (169cm)","67.0"" (170cm)",138.5 lbs,Bantamweight,"April 06, 2024"
Brennan Ward,Irish,1988.06.28,17-8-0 (Win-Loss-Draw),"$50,000 USD","5'10"" (178cm)","72.0"" (183cm)",170.6 lbs,Welterweight,"April 19, 2024"
Darren Elkins,The Damage,1984.05.16,28-11-0 (Win-Loss-Draw),"$528,000 USD","5'10"" (178cm)","71.0"" (180cm)",146.0 lbs,Featherweight,"October 14, 2023"
Mackenzie Lynne Dern,N/A,1993.03.24,13-5-0 (Win-Loss-Draw),"$366,000 USD","5'4"" (163cm)","63.0"" (160cm)",116.0 lbs,Strawweight,"February 17, 2024"
Christos Giagos,The Spartan,1990.01.23,20-12-0 (Win-Loss-Draw),"$153,000 USD","5'10"" (178cm)","71.5"" (182cm)",156.0 lbs,Lightweight,"April 06, 2024"
Kalinn Fidell Williams,The Oxfighter,1994.03.30,15-3-0 (Win-Loss-Draw),"$200,000 USD","6'0"" (183cm)","77.0"" (196cm)",170.0 lbs,Welterweight,"May 18, 2024"
Sumiko Inaba,Lady Samurai,1991.02.06,6-1-0 (Win-Loss-Draw),"$10,000 USD","5'4"" (163cm)","64.0"" (163cm)",125.2 lbs,Flyweight,"November 17, 2023"
Islam Mamedov,N/A,1989.02.10,23-3-1 (Win-Loss-Draw),"$83,000 USD","6'0"" (183cm)","73.0"" (185cm)",159.4 lbs,Lightweight,"November 17, 2023"
Ирина Алексеева,Russian Ronda,1990.06.27,5-2-0 (Win-Loss-Draw),$0 USD,"5'8"" (173cm)","66.0"" (168cm)",135.0 lbs,Bantamweight,"October 14, 2023"
Devin Terrell Clark,Brown Bear,1990.04.12,14-9-0 (Win-Loss-Draw),"$191,000 USD","6'0"" (183cm)","75.0"" (191cm)",204.5 lbs,Light Heavyweight,"February 10, 2024"
Joshua Alvin Culibao,Kuya,1994.05.24,11-3-1 (Win-Loss-Draw),$0 USD,"5'10"" (177cm)","73.0"" (185cm)",146.0 lbs,Featherweight,"March 16, 2024"
Carlos Diego Ferreira,N/A,1985.01.18,19-5-0 (Win-Loss-Draw),"$435,000 USD","5'9"" (175cm)","74.0"" (188cm)",155.0 lbs,Lightweight,"May 11, 2024"
Anshul Jubli,King of Lions,1995.01.13,7-1-0 (Win-Loss-Draw),"$50,000 USD","6'0"" (183cm)","69.0"" (175cm)",155.5 lbs,Lightweight,"October 21, 2023"
Michael Shipman,Sea Bass,1990.06.17,16-4-0 (Win-Loss-Draw),$0 USD,"5'10"" (178cm)","74.0"" (188cm)",185.9 lbs,Middleweight,"May 17, 2024"
Gilbert Urbina,The RGV Bad Boy,1996.04.05,7-3-0 (Win-Loss-Draw),$0 USD,"6'3"" (191cm)","75.0"" (191cm)",171.0 lbs,Welterweight,"February 03, 2024"
Ketlen Vieira,Fenômeno,1991.08.26,14-3-0 (Win-Loss-Draw),"$113,000 USD","5'8"" (173cm)","68.0"" (173cm)",135.0 lbs,Bantamweight,"July 22, 2023"
Sara McMann,N/A,1980.09.24,14-7-0 (Win-Loss-Draw),"$335,000 USD","5'6"" (168cm)","66.0"" (168cm)",145.4 lbs,Featherweight,"October 07, 2023"
Ailin Luciana Perez,Fiona,1994.10.05,10-2-0 (Win-Loss-Draw),$0 USD,"5'5"" (165cm)","66.0"" (168cm)",135.0 lbs,Bantamweight,"June 01, 2024"
Attila Korkmaz,The Fearless,1991.07.23,15-8-0 (Win-Loss-Draw),$0 USD,"5'8"" (173cm)","67.0"" (170cm)",155.6 lbs,Lightweight,"June 08, 2024"
Kai Kamaka III,Fighting Hawaiian,1995.01.05,13-5-1 (Win-Loss-Draw),"$50,000 USD","5'7"" (170cm)","68.0"" (173cm)",145.8 lbs,Featherweight,"April 19, 2024"
Darragh Kelly,The Moville mauler,1998.04.06,5-0-0 (Win-Loss-Draw),$0 USD,"6'0"" (183cm)","72.0"" (183cm)",145.2 lbs,Featherweight,"September 23, 2023"
Ilima-Lei Macfarlane,The Ilimanator,1990.04.02,13-3-0 (Win-Loss-Draw),"$85,000 USD","5'4"" (163cm)","66.0"" (168cm)",126.6 lbs,Flyweight,"October 07, 2023"
андрей корешков Koreshkov Andrey,Spartan,1990.08.23,27-5-0 (Win-Loss-Draw),"$103,000 USD","6'1"" (185cm)","75.0"" (191cm)",170.6 lbs,Welterweight,"April 19, 2024"
Уланбеков Тагир,N/A,1991.07.08,15-2-0 (Win-Loss-Draw),$0 USD,"5'7"" (170cm)","70.0"" (178cm)",126.0 lbs,Flyweight,"December 16, 2023"
Alexander Hernandez,The Great Ape,1992.10.01,14-8-0 (Win-Loss-Draw),"$212,000 USD","5'9"" (175cm)","72.0"" (183cm)",150.0 lbs,Featherweight,"April 06, 2024"
Jefferson Creighton,Jazzy,N/A,10-2-1 (Win-Loss-Draw),$0 USD,"5'11"" (180cm)","74.0"" (188cm)",170.4 lbs,Welterweight,"March 08, 2024"
Aiemann Zahabi,N/A,1987.11.19,11-2-0 (Win-Loss-Draw),"$50,000 USD","5'8"" (173cm)","68.5"" (174cm)",135.5 lbs,Bantamweight,"March 02, 2024"
Slim Trabelsi,N/A,1993.05.09,7-0-0 (Win-Loss-Draw),$0 USD,"6'1"" (185cm)","74.0"" (188cm)",239.5 lbs,Heavyweight,"May 17, 2024"
Мовсар Евлоев,N/A,1994.02.11,18-0-0 (Win-Loss-Draw),"$50,000 USD","5'7"" (170cm)","72.5"" (184cm)",145.8 lbs,Featherweight,"January 20, 2024"
Viecheslav Borshchev,Slava Claus,1992.01.08,7-4-1 (Win-Loss-Draw),"$162,000 USD","5'11"" (180cm)","69.0"" (175cm)",155.0 lbs,Lightweight,"May 11, 2024"
"Валентин Молдавский, Valentin Moldavsky",N/A,1992.02.06,"13-3-0, 1 NC (Win-Loss-Draw)","$42,733 USD","6'1"" (185cm)","75.0"" (191cm)",237.4 lbs,Heavyweight,"April 04, 2024"
Gokhan Saricam,N/A,1991.02.26,9-2-0 (Win-Loss-Draw),$0 USD,"6'3"" (191cm)","76.0"" (193cm)",246.0 lbs,Heavyweight,"June 16, 2023"
Romain Debienne,N/A,N/A,10-5-0 (Win-Loss-Draw),$0 USD,"5'10"" (177cm)","74.0"" (188cm)",170.4 lbs,Welterweight,"April 19, 2024"
Matthew Burton Brown,The Immortal,1981.01.10,24-19-0 (Win-Loss-Draw),"$1,567,000 USD","6'0"" (183cm)","76.0"" (193cm)",170.0 lbs,Welterweight,"May 13, 2023"
Archie Colgan,King,1995.07.22,10-0-0 (Win-Loss-Draw),$0 USD,"5'9"" (175cm)","69.5"" (177cm)",154.9 lbs,Lightweight,"May 17, 2024"
Jeremy Kennedy,JBC,1992.09.16,"19-4-0, 1 NC (Win-Loss-Draw)","$75,000 USD","5'11"" (180cm)","71.0"" (180cm)",145.0 lbs,Featherweight,"March 22, 2024"
Jaylon Bates,New Breed,1997.01.28,7-1-0 (Win-Loss-Draw),"$20,000 USD","5'10"" (178cm)","73.5"" (187cm)",136.0 lbs,Bantamweight,"August 11, 2023"
Morgan Charriere,The Last Pirate,1995.10.26,19-10-1 (Win-Loss-Draw),"$100,000 USD","5'8"" (173cm)","69.0"" (175cm)",145.0 lbs,Featherweight,"April 06, 2024"
Josh Emmett,CC0,1985.03.04,19-4-0 (Win-Loss-Draw),"$573,000 USD","5'6"" (168cm)","70.0"" (178cm)",146.0 lbs,Featherweight,"December 16, 2023"
Michael Parkin,N/A,1995.10.02,9-0-0 (Win-Loss-Draw),$0 USD,"6'4"" (193cm)","79.0"" (201cm)",262.5 lbs,Heavyweight,"March 23, 2024"
Robert Font,N/A,1987.06.25,20-8-0 (Win-Loss-Draw),"$543,000 USD","5'8"" (173cm)","71.5"" (182cm)",135.0 lbs,Bantamweight,"December 02, 2023"
Cody Marcus Brian Durden,N/A,1991.03.29,16-5-1 (Win-Loss-Draw),$0 USD,"5'7"" (170cm)","67.0"" (170cm)",126.0 lbs,Flyweight,"December 16, 2023"
John Salter,N/A,1985.03.21,19-6-0 (Win-Loss-Draw),"$42,000 USD","6'1"" (186cm)","73.5"" (187cm)",185.8 lbs,Middleweight,"March 31, 2023"
Владимир Токов,Vova,1996.04.14,9-2-0 (Win-Loss-Draw),$0 USD,"5'10"" (178cm)","73.0"" (185cm)",155.2 lbs,Lightweight,"August 11, 2023"
Volkan Oezdemir,No Time,1989.09.19,19-7-0 (Win-Loss-Draw),"$564,000 USD","6'2"" (188cm)","75.0"" (191cm)",205.0 lbs,Light Heavyweight,"September 02, 2023"
Mike Hamel,Magic,1992.08.12,11-6-0 (Win-Loss-Draw),$0 USD,"5'9"" (175cm)","68.0"" (173cm)",155.8 lbs,Lightweight,"November 17, 2023"
Kelvin Gastelum,N/A,1991.10.24,"18-9-0, 1 NC (Win-Loss-Draw)","$603,000 USD","5'9"" (175cm)","71.5"" (182cm)",170.0 lbs,Welterweight,"December 02, 2023"
Paul Craig,Bearjew,1987.11.27,17-8-1 (Win-Loss-Draw),"$432,000 USD","6'3"" (192cm)","76.0"" (193cm)",185.0 lbs,Middleweight,"May 04, 2024"
Victor Westley Henry,La Mangosta,1987.05.04,"24-6-0, 1 NC (Win-Loss-Draw)","$40,000 USD","5'7"" (170cm)","68.0"" (173cm)",135.5 lbs,Bantamweight,"April 27, 2024"
Don'Tale O’Neill Mayes,Lord Kong,1992.01.16,"11-6-0, 1 NC (Win-Loss-Draw)","$10,000 USD","6'6"" (198cm)","81.0"" (206cm)",264.0 lbs,Heavyweight,"April 27, 2024"
Douglas Lima,The Phenom,1988.01.05,33-11-0 (Win-Loss-Draw),"$230,000 USD","6'1"" (186cm)","74.5"" (189cm)",185.8 lbs,Middleweight,"May 12, 2023"
Holly Rene Holm-Kirkpatrick,The Preacher's Daughter,1981.10.17,15-7-0 (Win-Loss-Draw),"$1,600,000 USD","5'8"" (173cm)","69.0"" (175cm)",136.0 lbs,Bantamweight,"April 13, 2024"
David Aliga Onama,Silent Assassin,1994.06.07,12-2-0 (Win-Loss-Draw),"$174,000 USD","5'11"" (180cm)","74.0"" (188cm)",148.5 lbs,Featherweight,"April 27, 2024"
Francisco Prado,N/A,2002.06.16,12-2-0 (Win-Loss-Draw),"$100,000 USD","5'10"" (178cm)","69.3"" (176cm)",156.0 lbs,Lightweight,"February 24, 2024"
Jasmine Jasudavicius,N/A,1989.03.01,10-3-0 (Win-Loss-Draw),"$70,000 USD","5'7"" (170cm)","68.0"" (173cm)",133.0 lbs,Flyweight,"January 20, 2024"
Mads Burnell,N/A,1994.03.06,18-6-0 (Win-Loss-Draw),$0 USD,"5'8"" (173cm)","68.0"" (173cm)",156.0 lbs,Lightweight,"April 12, 2024"
Andre Muniz de Aguiar,Sergipano,1990.02.17,24-6-0 (Win-Loss-Draw),"$50,000 USD","6'1"" (185cm)","78.0"" (198cm)",186.0 lbs,Middleweight,"December 09, 2023"
Рамазан Курмагомедов,N/A,1996.08.23,12-0-0 (Win-Loss-Draw),$0 USD,"6'1"" (185cm)","73.0"" (185cm)",171.0 lbs,Welterweight,"November 17, 2023"
Suphisara Konklak,N/A,1996.01.18,9-3-0 (Win-Loss-Draw),$0 USD,"5'1"" (155cm)","61.5"" (156cm)",115.5 lbs,Strawweight,"February 10, 2024"
Douglas Silva de Andrade,D'Silva,1985.06.22,"29-5-0, 1 NC (Win-Loss-Draw)","$139,000 USD","5'7"" (170cm)","68.5"" (174cm)",139.5 lbs,Bantamweight,"May 13, 2023"
Mackenzie Stiller,MacJudo,1999.07.15,2-0-0 (Win-Loss-Draw),$0 USD,"5'2"" (157cm)","62.0"" (157cm)",115.8 lbs,Strawweight,"September 23, 2023"
Uroš Medić,The Doctor,1993.04.25,10-2-0 (Win-Loss-Draw),"$100,000 USD","6'1"" (185cm)","71.0"" (180cm)",171.0 lbs,Welterweight,"April 27, 2024"
Leah McCourt,The Curse,1992.06.21,8-3-0 (Win-Loss-Draw),$0 USD,"5'10"" (178cm)","69.0"" (175cm)",146.0 lbs,Featherweight,"October 07, 2023"
Javid Basharat,The Snow Leopard,1995.09.07,"14-1-0, 1 NC (Win-Loss-Draw)",$0 USD,"5'9"" (175cm)","69.0"" (175cm)",136.0 lbs,Bantamweight,"March 02, 2024"
Bruno Arruda da Silva,Blindado,1989.07.13,23-11-0 (Win-Loss-Draw),"$190,000 USD","6'0"" (183cm)","74.0"" (188cm)",186.0 lbs,Middleweight,"March 30, 2024"
Sedriques Dumas,The Reaper,1995.08.06,9-2-0 (Win-Loss-Draw),$0 USD,"6'2"" (188cm)","79.0"" (201cm)",185.0 lbs,Middleweight,"March 30, 2024"
Modestas Bukauskas,The Baltic Gladiator,1994.02.10,15-6-0 (Win-Loss-Draw),"$50,000 USD","6'3"" (191cm)","78.0"" (198cm)",205.5 lbs,Light Heavyweight,"November 04, 2023"
Gregory Babene,Blade,1984.01.26,"23-12-0, 1 NC (Win-Loss-Draw)",$0 USD,"6'0"" (183cm)","73.0"" (185cm)",185.7 lbs,Middleweight,"May 17, 2024"
Jennifer Maia,N/A,1988.10.06,21-10-1 (Win-Loss-Draw),"$119,500 USD","5'4"" (163cm)","64.0"" (163cm)",125.0 lbs,Flyweight,"October 14, 2023"
Grant Neal,The Truth,1995.10.05,9-2-0 (Win-Loss-Draw),"$16,000 USD","5'11"" (180cm)","74.0"" (188cm)",205.4 lbs,Light Heavyweight,"March 22, 2024"
Augusto Sakai,N/A,1991.05.19,16-6-1 (Win-Loss-Draw),"$124,000 USD","6'3"" (191cm)","77.0"" (196cm)",264.1 lbs,Heavyweight,"June 07, 2024"
Justine Kish,The Machine,1988.04.13,9-6-0 (Win-Loss-Draw),"$34,000 USD","5'5"" (165cm)","64.5"" (164cm)",125.6 lbs,Flyweight,"August 11, 2023"
Miesha Tate,Cupcake,1986.08.18,20-9-0 (Win-Loss-Draw),"$1,136,500 USD","5'6"" (168cm)","66.5"" (169cm)",135.5 lbs,Bantamweight,"December 02, 2023"
Ion Cutelaba,The Hulk,1993.12.14,"17-10-1, 1 NC (Win-Loss-Draw)","$137,000 USD","6'1"" (185cm)","75.0"" (191cm)",205.0 lbs,Light Heavyweight,"March 09, 2024"
Jack Shore,Tank,1995.02.06,17-2-0 (Win-Loss-Draw),"$50,000 USD","5'8"" (173cm)","71.0"" (180cm)",145.5 lbs,Featherweight,"May 04, 2024"
Bruno Gustavo Aparecido da Silva,Bulldog,1990.03.16,"13-5-2, 1 NC (Win-Loss-Draw)","$150,000 USD","5'4"" (163cm)","66.0"" (168cm)",125.5 lbs,Flyweight,"March 11, 2023"
Jéssica Andrade,Bate Estaca,1991.09.25,26-12-0 (Win-Loss-Draw),"$742,000 USD","5'1"" (156cm)","62.0"" (157cm)",116.0 lbs,Strawweight,"April 13, 2024"
Matt Frevola,The Steamrolla,1990.06.11,11-4-1 (Win-Loss-Draw),"$116,000 USD","5'9"" (175cm)","71.0"" (180cm)",155.6 lbs,Lightweight,"November 11, 2023"
Jared Gordon,Flash,1988.09.06,"20-6-0, 1 NC (Win-Loss-Draw)","$180,000 USD","5'9"" (175cm)","68.0"" (173cm)",155.6 lbs,Lightweight,"November 11, 2023"
Jeremiah C. Wells,N/A,1986.10.30,12-4-1 (Win-Loss-Draw),"$50,000 USD","5'9"" (175cm)","74.0"" (188cm)",171.0 lbs,Welterweight,"February 10, 2024"
Carlos Vergara,N/A,1991.06.18,12-5-1 (Win-Loss-Draw),"$50,000 USD","5'6"" (168cm)","68.0"" (173cm)",127.0 lbs,Flyweight,"March 09, 2024"
Linton Vassell,The Big Swarm,1983.06.03,"24-9-0, 1 NC (Win-Loss-Draw)","$202,000 USD","6'4"" (193cm)","80.5"" (204cm)",240.8 lbs,Heavyweight,"April 04, 2024"
Sean Brady,N/A,1992.11.23,16-1-0 (Win-Loss-Draw),"$124,000 USD","5'10"" (178cm)","72.5"" (184cm)",170.0 lbs,Welterweight,"December 02, 2023"
Нурсултан Рузибоев,Black,1993.11.19,"34-9-2, 2 NC (Win-Loss-Draw)","$50,000 USD","6'5"" (196cm)","76.0"" (193cm)",170.3 lbs,Welterweight,"May 11, 2024"
Газиев Шамиль Хасбулаевич,N/A,1990.02.10,12-1-0 (Win-Loss-Draw),"$50,000 USD","6'4"" (193cm)","78.5"" (199cm)",261.0 lbs,Heavyweight,"March 02, 2024"
Denise Pacheco Gomes,Dee,1999.12.30,9-3-0 (Win-Loss-Draw),"$50,000 USD","5'2"" (157cm)","63.0"" (160cm)",116.0 lbs,Strawweight,"June 08, 2024"
Michael Jerome Reece-Page,Venom,1987.04.07,22-2-0 (Win-Loss-Draw),"$40,000 USD","6'3"" (191cm)","79.0"" (201cm)",170.0 lbs,Welterweight,"March 09, 2024"
Trey Waters,The Truth,1995.02.21,9-1-0 (Win-Loss-Draw),"$50,000 USD","6'5"" (196cm)","77.0"" (196cm)",170.0 lbs,Welterweight,"May 11, 2024"
Enrique Jhonatan Barzola Acosta,El Fuerte,1989.04.28,20-8-2 (Win-Loss-Draw),"$42,000 USD","5'7"" (170cm)","70.0"" (178cm)",146.0 lbs,Featherweight,"April 19, 2024"
Corey Anderson,Overtime,1989.09.22,"18-6-0, 1 NC (Win-Loss-Draw)","$796,000 USD","6'3"" (191cm)","77.5"" (197cm)",204.6 lbs,Light Heavyweight,"March 22, 2024"
Aaron Jeffery,N/A,1992.11.14,14-5-0 (Win-Loss-Draw),$0 USD,"6'2"" (188cm)","73.0"" (185cm)",185.2 lbs,Middleweight,"March 22, 2024"
Tainara B de Almeida Lisboa,Thai Panther,1991.03.02,7-2-0 (Win-Loss-Draw),$0 USD,"5'7"" (170cm)","67.0"" (170cm)",133.5 lbs,Bantamweight,"October 14, 2023"
Lucas Brennan,Skywalker,2000.06.03,9-1-0 (Win-Loss-Draw),$0 USD,"5'10"" (178cm)","71.0"" (180cm)",145.6 lbs,Featherweight,"April 04, 2024"
Luca Poclit,N/A,1989.09.21,10-1-0 (Win-Loss-Draw),$0 USD,"6'0"" (183cm)","73.0"" (185cm)",169.8 lbs,Welterweight,"September 23, 2023"
Zak Cummings,N/A,1984.08.02,25-7-0 (Win-Loss-Draw),"$129,000 USD","6'0"" (183cm)","75.0"" (191cm)",206.0 lbs,Light Heavyweight,"April 15, 2023"
"박현성, Park Hyun Sung",Peace of Mind,1995.11.04,9-0-0 (Win-Loss-Draw),"$50,000 USD","5'7"" (171cm)","66.0"" (168cm)",126.0 lbs,Flyweight,"December 09, 2023"
Drakkar Klose,N/A,1988.03.09,15-2-1 (Win-Loss-Draw),"$356,000 USD","5'9"" (175cm)","70.0"" (178cm)",156.0 lbs,Lightweight,"May 04, 2024"
Cody Brundage,N/A,1994.05.16,10-6-0 (Win-Loss-Draw),"$100,000 USD","6'0"" (183cm)","72.0"" (183cm)",186.0 lbs,Middleweight,"April 13, 2024"
Amanda Ribas,N/A,1993.08.26,12-5-0 (Win-Loss-Draw),"$100,000 USD","5'3"" (160cm)","66.0"" (168cm)",125.5 lbs,Flyweight,"March 23, 2024"
William Daniel Quarantillo,N/A,1988.12.08,18-6-0 (Win-Loss-Draw),"$124,000 USD","5'10"" (178cm)","70.0"" (178cm)",145.5 lbs,Featherweight,"March 23, 2024"
Rodolfo Vieira Srour,The Black Belt Hunter,1989.09.25,10-2-0 (Win-Loss-Draw),"$178,000 USD","6'0"" (183cm)","73.0"" (185cm)",185.5 lbs,Middleweight,"February 10, 2024"
Jalin Turner,The Tarantula,1995.05.18,14-8-0 (Win-Loss-Draw),"$129,000 USD","6'3"" (191cm)","75.5"" (192cm)",155.5 lbs,Lightweight,"April 13, 2024"
Rafael Garcia Jr.,Gifted,1994.08.05,16-3-0 (Win-Loss-Draw),$0 USD,"5'7"" (170cm)","70.0"" (178cm)",155.0 lbs,Lightweight,"April 15, 2023"
Luke Trainer,The Gent,1996.02.27,8-1-0 (Win-Loss-Draw),$0 USD,"6'6"" (198cm)","81.0"" (206cm)",203.8 lbs,Light Heavyweight,"March 22, 2024"
Irene Aldana Robles,N/A,1988.03.26,15-7-0 (Win-Loss-Draw),"$360,400 USD","5'9"" (175cm)","68.5"" (174cm)",136.0 lbs,Bantamweight,"December 16, 2023"
Veronica Hardy,N/A,1995.10.30,9-4-1 (Win-Loss-Draw),"$100,000 USD","5'4"" (163cm)","64.0"" (163cm)",126.0 lbs,Flyweight,"May 11, 2024"
Магомед Магомедов,Tiger,1991.12.25,20-4-0 (Win-Loss-Draw),"$15,000 USD","5'7"" (171cm)","69.0"" (175cm)",135.0 lbs,Bantamweight,"May 17, 2024"
Robert Glenn Lawler,Ruthless,1982.03.20,"30-16-0, 1 NC (Win-Loss-Draw)","$3,759,940 USD","5'11"" (181cm)","74.0"" (188cm)",170.5 lbs,Welterweight,"July 08, 2023"
Joshua Fremd,N/A,1994.01.15,11-5-0 (Win-Loss-Draw),$0 USD,"6'4"" (193cm)","76.0"" (193cm)",185.5 lbs,Middleweight,"September 16, 2023"
Joel Alvarez Gonzalez,El Fenomeno,1993.03.02,20-3-0 (Win-Loss-Draw),$0 USD,"6'3"" (191cm)","77.0"" (196cm)",156.0 lbs,Lightweight,"July 22, 2023"
Kyler John Phillips,The Matrix,1995.06.12,12-2-0 (Win-Loss-Draw),"$170,000 USD","5'8"" (173cm)","72.0"" (183cm)",135.0 lbs,Bantamweight,"March 09, 2024"
Patrick Pimblett,The Baddy,1995.01.03,21-3-0 (Win-Loss-Draw),"$150,000 USD","5'10"" (178cm)","73.0"" (185cm)",155.5 lbs,Lightweight,"December 16, 2023"
Brunno Klynton Angulski Santiago Ferreira,The Hulk,1992.11.04,12-1-0 (Win-Loss-Draw),"$100,000 USD","5'10"" (179cm)","72.0"" (183cm)",186.0 lbs,Middleweight,"June 08, 2024"
Timothy Elliott,N/A,1986.12.24,20-13-1 (Win-Loss-Draw),"$498,000 USD","5'7"" (170cm)","66.0"" (168cm)",136.0 lbs,Flyweight,"December 09, 2023"
Jonny Parsons,The Sluggernaut,1991.09.06,9-3-0 (Win-Loss-Draw),"$50,000 USD","5'9"" (175cm)","69.0"" (175cm)",171.0 lbs,Welterweight,"July 22, 2023"
Pedro Munhoz-Lopes,The Young Punisher,1986.09.07,"20-9-0, 2 NC (Win-Loss-Draw)","$696,000 USD","5'6"" (168cm)","65.0"" (165cm)",135.0 lbs,Bantamweight,"March 09, 2024"
Leandro Higo Lucena Pinto,Pitbull,1989.01.19,23-6-0 (Win-Loss-Draw),"$14,000 USD","5'8"" (173cm)","70.5"" (179cm)",145.1 lbs,Featherweight,"March 22, 2024"
Mohammed Usman,The Motor,1989.04.01,10-3-0 (Win-Loss-Draw),"$50,000 USD","6'2"" (188cm)","79.0"" (201cm)",237.0 lbs,Heavyweight,"March 23, 2024"
Allan Alves do Nascimento,Puro Osso,1991.09.11,20-6-0 (Win-Loss-Draw),"$50,000 USD","5'8"" (173cm)","69.5"" (177cm)",125.5 lbs,Flyweight,"January 14, 2023"
Dustin Anthony Jacoby,The Hanyak,1988.04.04,19-9-1 (Win-Loss-Draw),"$121,000 USD","6'3"" (191cm)","76.0"" (193cm)",204.5 lbs,Light Heavyweight,"June 08, 2024"
Derrick Lewis,The Black Beast,1985.02.07,"28-12-0, 1 NC (Win-Loss-Draw)","$1,112,000 USD","6'3"" (191cm)","79.0"" (201cm)",264.0 lbs,Heavyweight,"May 11, 2024"
Tim Wilde,The Experiment,1987.06.30,17-5-1 (Win-Loss-Draw),$0 USD,"5'11"" (180cm)","74.0"" (188cm)",155.0 lbs,Lightweight,"March 22, 2024"
Virna Jandiroba,Carcará,1988.05.30,20-3-0 (Win-Loss-Draw),"$62,000 USD","5'3"" (160cm)","64.0"" (163cm)",115.0 lbs,Strawweight,"March 30, 2024"
Diego Lopes,N/A,1994.12.30,24-6-0 (Win-Loss-Draw),"$150,000 USD","5'11"" (180cm)","72.5"" (184cm)",146.0 lbs,Featherweight,"April 13, 2024"
Ciryl Romain Gane,Bon Gamin,1990.04.12,12-2-0 (Win-Loss-Draw),"$700,000 USD","6'4"" (193cm)","81.0"" (206cm)",250.0 lbs,Heavyweight,"September 02, 2023"
Mario Alberto Bautista,N/A,1993.07.01,14-2-0 (Win-Loss-Draw),"$150,000 USD","5'9"" (175cm)","69.0"" (175cm)",135.5 lbs,Bantamweight,"January 13, 2024"
Rodrigo Nascimento Ferreira,Zé Colmeia,1992.11.26,"11-2-0, 1 NC (Win-Loss-Draw)","$20,000 USD","6'2"" (188cm)","80.0"" (203cm)",265.0 lbs,Heavyweight,"May 11, 2024"
Bryan Battle,The Butcher,1994.09.21,"10-2-0, 1 NC (Win-Loss-Draw)","$50,000 USD","6'1"" (185cm)","77.0"" (196cm)",170.0 lbs,Welterweight,"March 16, 2024"
"Вадим Немков, Vadim Nemkov",N/A,1992.06.20,"18-2-0, 1 NC (Win-Loss-Draw)","$330,000 USD","6'0"" (183cm)","76.0"" (193cm)",238.1 lbs,Heavyweight,"February 24, 2024"
Fabian Edwards,The Assassin,1993.03.24,13-3-0 (Win-Loss-Draw),$0 USD,"6'1"" (185cm)","79.5"" (202cm)",185.6 lbs,Middleweight,"March 22, 2024"
Daniel Alexander Ige,50k,1991.08.06,18-7-0 (Win-Loss-Draw),"$340,000 USD","5'7"" (170cm)","71.0"" (180cm)",146.0 lbs,Featherweight,"February 10, 2024"
Chase Alan Hooper,The Dream,1999.09.13,14-3-1 (Win-Loss-Draw),"$125,000 USD","6'1"" (185cm)","74.0"" (188cm)",155.0 lbs,Lightweight,"May 11, 2024"
John Castañeda,Sexi Mexi,1991.12.18,21-7-0 (Win-Loss-Draw),"$50,000 USD","5'6"" (168cm)","71.0"" (180cm)",136.0 lbs,Bantamweight,"June 08, 2024"
Daniel Olvera Zellhuber,Golden Boy,1999.07.07,15-1-0 (Win-Loss-Draw),"$100,000 USD","6'1"" (185cm)","77.0"" (196cm)",156.0 lbs,Lightweight,"February 24, 2024"
Kevin Jousset,Air,1993.05.02,10-2-0 (Win-Loss-Draw),$0 USD,"6'2"" (188cm)","75.0"" (191cm)",170.5 lbs,Welterweight,"December 09, 2023"
Raquel Pennington,Rocky,1988.09.05,16-8-0 (Win-Loss-Draw),"$391,000 USD","5'7"" (170cm)","67.5"" (171cm)",134.8 lbs,Bantamweight,"January 20, 2024"
Cody Garbrandt,No Love,1991.07.07,14-6-0 (Win-Loss-Draw),"$1,128,000 USD","5'8"" (173cm)","65.5"" (166cm)",136.0 lbs,Bantamweight,"April 13, 2024"
Muhammad Naimov,Hillman,1994.08.07,11-2-0 (Win-Loss-Draw),"$50,000 USD","5'9"" (175cm)","70.0"" (178cm)",146.0 lbs,Featherweight,"February 24, 2024"
Kyle Nelson,The Monster,1991.04.20,16-5-1 (Win-Loss-Draw),$0 USD,"5'11"" (180cm)","71.0"" (180cm)",145.0 lbs,Featherweight,"March 30, 2024"
Cristiane Justino Venancio,N/A,1985.07.09,"27-2-0, 1 NC (Win-Loss-Draw)","$2,388,000 USD","5'8"" (173cm)","69.0"" (175cm)",144.6 lbs,Featherweight,"October 07, 2023"
Iasmin Lucindo Bezerra,N/A,2002.01.08,16-5-0 (Win-Loss-Draw),"$62,000 USD","5'3"" (160cm)","66.0"" (168cm)",116.0 lbs,Strawweight,"May 04, 2024"
Chris Duncan,The Problem,1993.05.10,11-2-0 (Win-Loss-Draw),$0 USD,"5'10"" (178cm)","71.5"" (182cm)",156.0 lbs,Lightweight,"February 24, 2024"
Brandon Royval,Raw Dawg,1992.08.16,16-7-0 (Win-Loss-Draw),"$224,000 USD","5'9"" (175cm)","70.5"" (179cm)",126.0 lbs,Flyweight,"February 24, 2024"
Julija Stoliarenko,N/A,1993.04.08,11-8-1 (Win-Loss-Draw),"$60,000 USD","5'7"" (170cm)","69.0"" (175cm)",126.0 lbs,Flyweight,"February 03, 2024"
William Gomis,Jaguar,1997.06.13,13-2-0 (Win-Loss-Draw),$0 USD,"6'0"" (183cm)","73.0"" (185cm)",146.0 lbs,Featherweight,"September 02, 2023"
Luana do Valle Lopes Gonzales Santos,N/A,2000.04.16,7-1-0 (Win-Loss-Draw),$0 USD,"5'6"" (168cm)","67.0"" (170cm)",139.0 lbs,Bantamweight,"December 09, 2023"
Marlon Andres Vera Delgado,Chito,1992.12.02,23-9-1 (Win-Loss-Draw),"$975,000 USD","5'8"" (173cm)","70.5"" (179cm)",135.0 lbs,Bantamweight,"March 09, 2024"
Stephen Vincenzo Erceg,AstroBoy,1995.07.27,12-2-0 (Win-Loss-Draw),"$100,000 USD","5'8"" (173cm)","68.5"" (174cm)",125.0 lbs,Flyweight,"May 04, 2024"
Montel Jackson,Quik,1992.04.24,13-2-0 (Win-Loss-Draw),"$110,000 USD","5'10"" (178cm)","75.5"" (192cm)",136.0 lbs,Bantamweight,"April 22, 2023"
Logan Storley,Storm,1992.09.08,15-3-0 (Win-Loss-Draw),$0 USD,"5'9"" (175cm)","71.5"" (182cm)",170.6 lbs,Welterweight,"April 19, 2024"
Natália Miranda Cristina da Silva,N/A,1997.02.03,17-5-1 (Win-Loss-Draw),"$50,000 USD","5'4"" (163cm)","65.0"" (165cm)",125.5 lbs,Flyweight,"February 03, 2024"
Michel Pereira,Demolidor,1993.10.06,"31-11-0, 2 NC (Win-Loss-Draw)","$400,000 USD","6'1"" (186cm)","73.0"" (185cm)",186.0 lbs,Middleweight,"May 04, 2024"
"中村倫也, Nakamura Rinya",Hybrid,1995.03.23,9-0-0 (Win-Loss-Draw),"$50,000 USD","5'7"" (170cm)","68.0"" (173cm)",135.5 lbs,Bantamweight,"February 17, 2024"
Alexander Shabliy,Peresvet,1993.04.18,24-3-0 (Win-Loss-Draw),$0 USD,"5'9"" (176cm)","70.5"" (179cm)",155.0 lbs,Lightweight,"November 17, 2023"
Daniel James,The American Predator,1981.12.31,"15-7-1, 1 NC (Win-Loss-Draw)",$0 USD,"6'6"" (198cm)","80.0"" (203cm)",267.0 lbs,Heavyweight,"April 04, 2024"
Gunnar Lúðvík Nelson,Gunni,1988.07.28,19-5-1 (Win-Loss-Draw),"$383,000 USD","5'11"" (181cm)","72.0"" (183cm)",170.0 lbs,Welterweight,"March 18, 2023"
Grant Dawson,KGD,1994.02.20,21-2-1 (Win-Loss-Draw),"$123,800 USD","5'10"" (178cm)","72.0"" (183cm)",155.0 lbs,Lightweight,"June 01, 2024"
Giga Chikadze,Ninja,1988.08.25,15-3-0 (Win-Loss-Draw),"$253,200 USD","6'0"" (183cm)","74.0"" (188cm)",146.0 lbs,Featherweight,"August 26, 2023"
Karolina Kowalkiewicz,N/A,1985.10.15,16-8-0 (Win-Loss-Draw),"$117,000 USD","5'3"" (160cm)","64.0"" (163cm)",116.0 lbs,Strawweight,"May 04, 2024"
Deiveson Alcantara,Deus da Guerra,1987.12.18,23-3-1 (Win-Loss-Draw),"$505,000 USD","5'5"" (165cm)","68.0"" (173cm)",135.5 lbs,Bantamweight,"April 13, 2024"
Tabatha Ricci Fabri Salto,Baby Shark,1995.02.21,10-2-0 (Win-Loss-Draw),$0 USD,"5'1"" (155cm)","61.0"" (155cm)",115.0 lbs,Strawweight,"May 11, 2024"
Marvin Vettori,The Italian Dream,1993.09.20,19-6-1 (Win-Loss-Draw),"$393,000 USD","6'0"" (183cm)","74.0"" (188cm)",185.5 lbs,Middleweight,"June 17, 2023"
Kevin Luke Swanson,Killer,1983.11.02,29-13-0 (Win-Loss-Draw),"$900,440 USD","5'8"" (173cm)","70.0"" (178cm)",146.0 lbs,Featherweight,"August 12, 2023"
Karine Silva de Almeida,Killer,1993.12.02,18-4-0 (Win-Loss-Draw),"$50,000 USD","5'5"" (165cm)","67.0"" (170cm)",125.5 lbs,Flyweight,"April 27, 2024"
"박준용, Park Jun Yong",The Iron Turtle,1991.02.27,17-6-0 (Win-Loss-Draw),"$50,000 USD","5'10"" (178cm)","73.0"" (185cm)",185.5 lbs,Middleweight,"December 09, 2023"
Farid Basharat,Ferocious,1997.08.02,12-0-0 (Win-Loss-Draw),$0 USD,"5'8"" (173cm)","71.0"" (180cm)",136.0 lbs,Bantamweight,"January 13, 2024"
Karl Williams,N/A,1990.01.06,10-1-0 (Win-Loss-Draw),$0 USD,"6'3"" (191cm)","79.0"" (201cm)",246.5 lbs,Heavyweight,"March 23, 2024"
Ринат Фахретдинов,Gladiator,1991.09.28,22-2-1 (Win-Loss-Draw),$0 USD,"6'0"" (183cm)","74.0"" (188cm)",170.5 lbs,Welterweight,"November 04, 2023"
Ismael Bonfim,Marreta,1995.12.28,20-4-0 (Win-Loss-Draw),"$50,000 USD","5'8"" (173cm)","71.0"" (180cm)",156.0 lbs,Lightweight,"May 04, 2024"
Marcus Julius McGhee,The Maniac,1990.05.07,9-1-0 (Win-Loss-Draw),"$150,000 USD","5'8"" (173cm)","69.0"" (175cm)",135.5 lbs,Bantamweight,"January 13, 2024"
Мыктыбек Оролбай уулу,N/A,1998.02.10,13-1-1 (Win-Loss-Draw),$0 USD,"5'10"" (178cm)","74.0"" (188cm)",155.5 lbs,Lightweight,"May 04, 2024"
Ľudovít Klein,Mr. Highlight,1995.02.22,22-4-1 (Win-Loss-Draw),$0 USD,"5'7"" (170cm)","72.5"" (184cm)",156.0 lbs,Lightweight,"June 08, 2024"
Yair Rodriguez Portillo,El Pantera,1992.10.06,"18-5-0, 1 NC (Win-Loss-Draw)","$592,000 USD","5'11"" (180cm)","71.0"" (180cm)",146.0 lbs,Featherweight,"February 24, 2024"
Alonzo Theodoro Menifield,Atomic,1987.10.18,15-4-1 (Win-Loss-Draw),"$84,000 USD","6'0"" (183cm)","76.0"" (193cm)",205.5 lbs,Light Heavyweight,"May 11, 2024"
Patrick Mix,No Love,1993.08.16,20-1-0 (Win-Loss-Draw),$0 USD,"5'11"" (180cm)","71.5"" (182cm)",135.0 lbs,Bantamweight,"May 17, 2024"
Nikita Andreyvich Krylov,The Miner,1992.07.03,30-9-0 (Win-Loss-Draw),"$266,000 USD","6'3"" (191cm)","77.5"" (197cm)",213.0 lbs,Light Heavyweight,"March 11, 2023"
Vitor Petrino Malaquias Salvo,Icão,1997.08.28,11-1-0 (Win-Loss-Draw),"$100,000 USD","6'2"" (188cm)","77.5"" (197cm)",206.0 lbs,Light Heavyweight,"May 04, 2024"
Caio Borralho,The Natural,1993.01.16,"16-1-0, 1 NC (Win-Loss-Draw)","$100,000 USD","6'1"" (185cm)","75.0"" (191cm)",186.0 lbs,Middleweight,"May 04, 2024"
Bo Dean Nickal,N/A,1996.01.14,6-0-0 (Win-Loss-Draw),"$50,000 USD","6'1"" (185cm)","76.0"" (193cm)",186.0 lbs,Middleweight,"April 13, 2024"
Joseph Oliver Pyfer,Bodybagz,1996.09.17,12-3-0 (Win-Loss-Draw),"$100,000 USD","6'2"" (188cm)","75.0"" (191cm)",185.5 lbs,Middleweight,"February 10, 2024"
Jared Christopher Cannonier,Killa Gorilla,1984.03.16,17-7-0 (Win-Loss-Draw),"$432,000 USD","5'11"" (180cm)","77.5"" (197cm)",185.0 lbs,Middleweight,"June 08, 2024"
"平良達郎, Taira Tatsuro",N/A,2000.01.27,15-0-0 (Win-Loss-Draw),"$100,000 USD","5'7"" (170cm)","70.0"" (178cm)",125.5 lbs,Flyweight,"December 09, 2023"
Johnny Eblen,Pressure,1991.12.13,15-0-0 (Win-Loss-Draw),$0 USD,"6'1"" (185cm)","74.0"" (188cm)",185.5 lbs,Middleweight,"February 24, 2024"
Marc-André Barriault,Powerbar,1990.02.18,"16-7-0, 1 NC (Win-Loss-Draw)","$78,000 USD","6'1"" (185cm)","74.0"" (188cm)",184.5 lbs,Middleweight,"January 20, 2024"
Mayra Bueno Silva,Sheetara,1991.08.22,"10-3-1, 1 NC (Win-Loss-Draw)","$150,000 USD","5'6"" (168cm)","66.5"" (169cm)",135.0 lbs,Bantamweight,"January 20, 2024"
Joaquin Buckley,New Mansa,1994.04.27,19-6-0 (Win-Loss-Draw),"$200,000 USD","5'10"" (178cm)","76.0"" (193cm)",170.0 lbs,Welterweight,"May 11, 2024"
Bobby Ryan Green,King,1986.09.09,"32-15-1, 1 NC (Win-Loss-Draw)","$689,000 USD","5'10"" (178cm)","71.0"" (180cm)",156.0 lbs,Lightweight,"April 13, 2024"
Michael Morales Hurtado,N/A,1999.06.24,16-0-0 (Win-Loss-Draw),"$20,000 USD","6'0"" (183cm)","79.0"" (201cm)",171.0 lbs,Welterweight,"November 18, 2023"
Алискеров Икрам,N/A,1992.12.07,15-1-0 (Win-Loss-Draw),"$50,000 USD","6'0"" (183cm)","76.0"" (193cm)",186.0 lbs,Middleweight,"October 21, 2023"
Jose Mariscal,Machine Gun,1992.10.27,"16-6-0, 1 NC (Win-Loss-Draw)","$50,000 USD","5'7"" (170cm)","69.0"" (175cm)",145.5 lbs,Featherweight,"April 06, 2024"
Kevin Holland,Trailblazer,1992.11.05,"26-11-0, 1 NC (Win-Loss-Draw)","$475,000 USD","6'3"" (191cm)","81.0"" (206cm)",185.0 lbs,Middleweight,"June 01, 2024"
Justin Tafa,Bad Man,1993.12.13,"7-4-0, 1 NC (Win-Loss-Draw)","$100,000 USD","6'0"" (183cm)","74.0"" (188cm)",264.5 lbs,Heavyweight,"March 23, 2024"
Ярослав Амосов,Dynamo,1993.09.09,27-1-0 (Win-Loss-Draw),$0 USD,"5'11"" (180cm)","75.0"" (191cm)",169.6 lbs,Welterweight,"November 17, 2023"
Usman Nurmagomedov,N/A,1998.04.17,"17-0-0, 1 NC (Win-Loss-Draw)",$0 USD,"5'11"" (180cm)","72.0"" (183cm)",154.8 lbs,Lightweight,"October 07, 2023"
Сергей Павлович,N/A,1992.05.13,18-2-0 (Win-Loss-Draw),"$200,000 USD","6'3"" (191cm)","84.0"" (213cm)",259.8 lbs,Heavyweight,"November 11, 2023"
Nazim Sadykhov,Black Wolf,1994.05.16,9-1-1 (Win-Loss-Draw),"$100,000 USD","5'10"" (178cm)","69.0"" (175cm)",155.6 lbs,Lightweight,"November 11, 2023"
Sergio Pettis,The Phenom,1993.08.18,23-7-0 (Win-Loss-Draw),"$412,000 USD","5'6"" (168cm)","69.0"" (175cm)",135.0 lbs,Bantamweight,"June 09, 2024"
Vicente Luque,The Silent Assassin,1991.11.27,22-10-1 (Win-Loss-Draw),"$706,000 USD","5'11"" (180cm)","76.0"" (193cm)",170.0 lbs,Welterweight,"March 30, 2024"
Aljamain Sterling,Funk Master,1989.07.31,24-4-0 (Win-Loss-Draw),"$518,000 USD","5'7"" (171cm)","71.0"" (180cm)",146.0 lbs,Featherweight,"April 13, 2024"
Luis Philipe Lins,Monstro,1985.08.17,18-5-0 (Win-Loss-Draw),"$1,160,000 USD","6'2"" (188cm)","78.0"" (198cm)",206.0 lbs,Light Heavyweight,"March 09, 2024"
Daniel Aaron Marcos Moreno,Soncora,1993.03.07,"16-0-0, 1 NC (Win-Loss-Draw)",$0 USD,"5'7"" (170cm)","69.0"" (175cm)",135.3 lbs,Bantamweight,"June 08, 2024"
Liz Carmouche,Girl-Rilla,1984.02.19,21-7-0 (Win-Loss-Draw),"$126,500 USD","5'6"" (168cm)","66.0"" (168cm)",126.0 lbs,Flyweight,"April 04, 2024"
Norma Dumont Viana Ferreira,The Immortal,1990.10.01,11-2-0 (Win-Loss-Draw),"$10,000 USD","5'7"" (169cm)","67.0"" (170cm)",136.0 lbs,Bantamweight,"April 06, 2024"
"闫晓楠, Yan Xiaonan",Nine,1989.06.16,"17-4-0, 1 NC (Win-Loss-Draw)","$50,000 USD","5'5"" (166cm)","63.0"" (160cm)",115.0 lbs,Strawweight,"April 13, 2024"
Carlston Lindsay Harris,Moçambique,1987.07.09,19-6-0 (Win-Loss-Draw),"$100,000 USD","6'0"" (183cm)","76.0"" (193cm)",169.5 lbs,Welterweight,"May 18, 2024"
William Algeo,Señor Perfecto,1989.06.09,18-8-0 (Win-Loss-Draw),"$150,000 USD","6'0"" (183cm)","73.0"" (185cm)",146.0 lbs,Featherweight,"March 30, 2024"
Dan Hooker,The Hangman,1990.02.13,23-12-0 (Win-Loss-Draw),"$543,000 USD","6'0"" (183cm)","75.5"" (192cm)",155.5 lbs,Lightweight,"July 08, 2023"
Lerone Murphy,The Miracle,1991.07.22,14-0-1 (Win-Loss-Draw),"$100,000 USD","5'9"" (175cm)","73.5"" (187cm)",146.0 lbs,Featherweight,"May 18, 2024"
Amir Albazi,The Prince,1993.10.27,17-1-0 (Win-Loss-Draw),"$32,000 USD","5'5"" (165cm)","68.0"" (173cm)",126.0 lbs,Flyweight,"June 03, 2023"
Manon Fiorot,The Beast,1990.02.17,12-1-0 (Win-Loss-Draw),"$80,000 USD","5'7"" (169cm)","66.0"" (168cm)",125.3 lbs,Flyweight,"March 30, 2024"
Joanderson Sá Brito,Tubarão,1995.02.11,17-3-1 (Win-Loss-Draw),"$100,000 USD","5'8"" (173cm)","72.0"" (183cm)",146.0 lbs,Featherweight,"May 04, 2024"
Muhammad Mokaev,The Punisher,2000.07.30,"11-0-0, 1 NC (Win-Loss-Draw)","$100,000 USD","5'7"" (170cm)","70.0"" (178cm)",126.0 lbs,Flyweight,"March 02, 2024"
Christian Rodriguez,CeeRod,1997.12.17,11-1-0 (Win-Loss-Draw),"$50,000 USD","5'7"" (170cm)","71.0"" (180cm)",145.0 lbs,Featherweight,"March 16, 2024"
Charles Jourdain,Air,1995.11.27,15-7-1 (Win-Loss-Draw),"$116,000 USD","5'9"" (175cm)","69.0"" (175cm)",145.5 lbs,Featherweight,"January 20, 2024"
Anthony Hernandez,Fluffy,1993.10.18,"12-2-0, 1 NC (Win-Loss-Draw)","$112,000 USD","6'0"" (183cm)","75.0"" (191cm)",185.5 lbs,Middleweight,"February 17, 2024"
Nasrat Mohammad Haqparast,N/A,1995.08.22,16-5-0 (Win-Loss-Draw),"$175,000 USD","5'10"" (178cm)","72.0"" (183cm)",156.0 lbs,Lightweight,"December 09, 2023"
Steve Garcia Jr.,Mean Machine,1992.05.22,15-5-0 (Win-Loss-Draw),"$62,000 USD","6'0"" (183cm)","73.0"" (185cm)",155.0 lbs,Lightweight,"December 09, 2023"
Ryan D. Bader,Darth,1983.06.07,"31-8-0, 1 NC (Win-Loss-Draw)","$634,000 USD","6'2"" (188cm)","74.0"" (188cm)",231.1 lbs,Heavyweight,"February 24, 2024"
Азамат Мурзаканов,The Professional,1989.04.12,13-0-0 (Win-Loss-Draw),"$74,000 USD","5'10"" (179cm)","71.5"" (182cm)",205.0 lbs,Light Heavyweight,"April 15, 2023"
Нурмагомедов Омар,N/A,1996.01.03,17-0-0 (Win-Loss-Draw),"$100,000 USD","5'8"" (172cm)","69.0"" (175cm)",136.0 lbs,Bantamweight,"March 02, 2024"
Сергій Співак,Polar Bear,1995.01.24,16-4-0 (Win-Loss-Draw),"$64,000 USD","6'3"" (190cm)","78.0"" (198cm)",256.0 lbs,Heavyweight,"September 02, 2023"
Gabriel de Souza Bonfim,Marretinha,1997.08.20,15-1-0 (Win-Loss-Draw),"$50,000 USD","6'1"" (185cm)","72.5"" (184cm)",170.5 lbs,Welterweight,"November 04, 2023"
Sean Strickland,Tarzan,1991.02.27,29-6-0 (Win-Loss-Draw),"$344,000 USD","6'1"" (185cm)","76.0"" (193cm)",185.0 lbs,Middleweight,"June 01, 2024"
Ислам Махачев,N/A,1991.10.27,26-1-0 (Win-Loss-Draw),"$352,000 USD","5'10"" (178cm)","70.5"" (179cm)",155.0 lbs,Lightweight,"June 01, 2024"
Leon Edwards,Rocky,1991.08.25,"22-3-0, 1 NC (Win-Loss-Draw)","$465,000 USD","6'2"" (188cm)","74.0"" (188cm)",170.0 lbs,Welterweight,"December 16, 2023"
Thomas Aspinall,N/A,1993.04.11,14-3-0 (Win-Loss-Draw),"$300,000 USD","6'5"" (196cm)","78.0"" (198cm)",261.6 lbs,Heavyweight,"November 11, 2023"
Karen Alexa Grasso Montes,N/A,1993.08.09,16-3-1 (Win-Loss-Draw),"$191,000 USD","5'5"" (165cm)","66.0"" (168cm)",124.5 lbs,Flyweight,"September 16, 2023"
Alexandre Pantoja Passidomo,The Cannibal,1990.04.16,28-5-0 (Win-Loss-Draw),"$300,000 USD","5'5"" (166cm)","68.0"" (173cm)",125.0 lbs,Flyweight,"May 04, 2024"
Dricus Du Plessis,Stillknocks,1994.01.14,21-2-0 (Win-Loss-Draw),"$227,000 USD","6'1"" (185cm)","76.0"" (193cm)",184.0 lbs,Middleweight,"January 20, 2024"
Jonathan Dwight Jones,Bones,1987.07.19,"27-1-0, 1 NC (Win-Loss-Draw)","$4,568,000 USD","6'4"" (194cm)","84.5"" (215cm)",248.0 lbs,Heavyweight,"March 04, 2023"
Justin Gaethje,The Highlight,1988.11.14,25-5-0 (Win-Loss-Draw),"$1,662,000 USD","5'11"" (181cm)","70.0"" (178cm)",156.0 lbs,Lightweight,"April 13, 2024"
Alex Sandro Silva Pereira,Poatan,1987.07.07,10-2-0 (Win-Loss-Draw),"$200,000 USD","6'4"" (194cm)","80.0"" (203cm)",205.0 lbs,Light Heavyweight,"April 13, 2024"
Sean O'Malley,Suga,1994.10.24,"18-1-0, 1 NC (Win-Loss-Draw)","$699,000 USD","5'11"" (180cm)","72.0"" (183cm)",135.0 lbs,Bantamweight,"March 09, 2024"
Jailton Almeida,Malhadinho,1991.06.26,21-3-0 (Win-Loss-Draw),"$150,000 USD","6'3"" (191cm)","79.0"" (201cm)",241.0 lbs,Heavyweight,"June 01, 2024"
Шавкат Рахмонов,Nomad,1994.10.23,18-0-0 (Win-Loss-Draw),"$150,000 USD","6'1"" (185cm)","77.0"" (196cm)",171.0 lbs,Welterweight,"December 16, 2023"
Saint Denis,God of War,1995.12.18,"13-2-0, 1 NC (Win-Loss-Draw)","$200,000 USD","5'11"" (180cm)","73.0"" (185cm)",155.0 lbs,Lightweight,"March 09, 2024"
Jamahal Hill,Sweet Dreams,1991.05.19,"12-2-0, 1 NC (Win-Loss-Draw)","$224,000 USD","6'4"" (193cm)","79.0"" (201cm)",205.0 lbs,Light Heavyweight,"April 13, 2024"
Brendan Cody Allen,All In,1995.12.28,24-5-0 (Win-Loss-Draw),"$202,000 USD","6'2"" (188cm)","75.0"" (191cm)",186.0 lbs,Middleweight,"April 06, 2024"
Ian Machado Garry,The Future,1997.11.17,14-0-0 (Win-Loss-Draw),"$50,000 USD","6'3"" (191cm)","74.0"" (188cm)",170.5 lbs,Welterweight,"February 17, 2024"
Erin Blanchfield,Cold Blooded,1999.05.04,12-2-0 (Win-Loss-Draw),"$50,000 USD","5'4"" (163cm)","68.0"" (173cm)",125.0 lbs,Flyweight,"March 30, 2024"
Jerome-Max Kelii Holloway,Blessed,1991.12.04,26-7-0 (Win-Loss-Draw),"$2,200,000 USD","5'11"" (180cm)","69.0"" (175cm)",156.0 lbs,Lightweight,"April 13, 2024"
Cory Sandhagen,Sandman,1992.04.20,17-4-0 (Win-Loss-Draw),"$500,000 USD","5'11"" (180cm)","70.0"" (178cm)",139.5 lbs,Bantamweight,"August 05, 2023"
Giacomo Della Maddalena,N/A,1996.09.10,17-2-0 (Win-Loss-Draw),"$270,000 USD","5'11"" (180cm)","73.0"" (185cm)",170.0 lbs,Welterweight,"March 09, 2024"
Merab Dvalishvili,The Machine,1991.01.10,17-4-0 (Win-Loss-Draw),"$354,000 USD","5'6"" (168cm)","68.0"" (173cm)",135.0 lbs,Bantamweight,"February 17, 2024"
Tatiana Yadira Suarez Padilla,N/A,1990.12.19,10-0-0 (Win-Loss-Draw),"$230,000 USD","5'5"" (165cm)","66.0"" (168cm)",115.5 lbs,Strawweight,"August 05, 2023"
Mateusz Gamrot,Gamer,1990.12.11,"24-2-0, 1 NC (Win-Loss-Draw)","$202,000 USD","5'10"" (177cm)","70.5"" (179cm)",156.0 lbs,Lightweight,"March 09, 2024"
Walker Johnny Silva Barra de Souza,N/A,1992.03.30,"21-8-0, 1 NC (Win-Loss-Draw)","$290,000 USD","6'6"" (198cm)","82.3"" (209cm)",205.5 lbs,Light Heavyweight,"January 13, 2024"
Alexander Volkanovski,The Great,1988.09.29,26-4-0 (Win-Loss-Draw),"$575,000 USD","5'6"" (168cm)","71.5"" (182cm)",144.5 lbs,Featherweight,"February 17, 2024"
Ilia Topuria,El Matador,1997.01.21,15-0-0 (Win-Loss-Draw),"$200,000 USD","5'7"" (170cm)","69.0"" (175cm)",144.5 lbs,Featherweight,"February 17, 2024"
"宋亚东, Song Yadong",Kung Fu Kid,1997.12.02,"21-8-1, 1 NC (Win-Loss-Draw)","$486,000 USD","5'8"" (173cm)","67.0"" (170cm)",136.0 lbs,Bantamweight,"March 09, 2024"
Charles Oliveira,do Bronx,1989.10.17,"34-10-0, 1 NC (Win-Loss-Draw)","$1,347,600 USD","5'10"" (178cm)","74.0"" (188cm)",156.0 lbs,Lightweight,"April 13, 2024"
Александр Волков,Drago,1988.10.24,37-10-0 (Win-Loss-Draw),"$315,000 USD","6'7"" (201cm)","80.0"" (203cm)",263.0 lbs,Heavyweight,"September 09, 2023"
Amanda Nunes,The Lioness,1988.05.30,23-5-0 (Win-Loss-Draw),"$2,428,500 USD","5'8"" (173cm)","69.0"" (175cm)",135.0 lbs,Bantamweight,"June 10, 2023"
Maria Lupita Godinez,Loopy,1993.09.06,12-4-0 (Win-Loss-Draw),"$95,000 USD","5'2"" (157cm)","61.0"" (155cm)",115.0 lbs,Strawweight,"March 30, 2024"
Nicolas Dalby,Danish Dynamite,1984.11.16,"23-4-1, 2 NC (Win-Loss-Draw)","$100,000 USD","5'11"" (180cm)","74.5"" (189cm)",170.5 lbs,Welterweight,"November 04, 2023"
Edson Mendes Barboza,Junior,1986.01.21,24-12-0 (Win-Loss-Draw),"$1,306,000 USD","5'11"" (181cm)","75.0"" (191cm)",145.5 lbs,Featherweight,"May 18, 2024"
Brandon Moreno,The Assassin Baby,1993.12.07,21-8-2 (Win-Loss-Draw),"$656,000 USD","5'7"" (170cm)","70.0"" (178cm)",126.0 lbs,Flyweight,"February 24, 2024"
Maycee Barber,The Future,1998.05.18,14-2-0 (Win-Loss-Draw),"$79,000 USD","5'5"" (165cm)","65.0"" (165cm)",125.0 lbs,Flyweight,"March 09, 2024"
Belal Muhammad,Remember the Name,1988.07.09,"23-3-0, 1 NC (Win-Loss-Draw)","$372,000 USD","5'11"" (180cm)","72.0"" (183cm)",170.0 lbs,Welterweight,"May 06, 2023"
Khalil Ibn Rountree Jr.,The War Horse,1990.02.06,"13-5-0, 1 NC (Win-Loss-Draw)","$342,000 USD","6'1"" (185cm)","76.5"" (194cm)",204.0 lbs,Light Heavyweight,"December 09, 2023"
Роман Копылов,N/A,1991.05.04,13-3-0 (Win-Loss-Draw),"$100,000 USD","6'0"" (183cm)","75.0"" (191cm)",185.0 lbs,Middleweight,"June 01, 2024"
Jonathan Martinez,Dragon,1994.04.20,19-5-0 (Win-Loss-Draw),"$178,000 USD","5'8"" (173cm)","69.5"" (177cm)",136.0 lbs,Bantamweight,"May 04, 2024"
Арман Царукян,Ahalkalakets,1996.10.11,22-3-0 (Win-Loss-Draw),"$250,000 USD","5'7"" (170cm)","72.5"" (184cm)",156.0 lbs,Lightweight,"April 13, 2024"
Elves Brenner Oliveira,N/A,1997.09.27,16-4-0 (Win-Loss-Draw),"$100,000 USD","5'10"" (178cm)","72.0"" (183cm)",156.0 lbs,Lightweight,"May 04, 2024"
"张伟丽, Zhang Weli",Magnum,1989.08.13,25-3-0 (Win-Loss-Draw),"$514,000 USD","5'4"" (163cm)","63.0"" (160cm)",115.0 lbs,Strawweight,"April 13, 2024"
Gilbert Burns,Durinho,1986.07.20,22-7-0 (Win-Loss-Draw),"$643,000 USD","5'10"" (178cm)","71.0"" (180cm)",171.0 lbs,Welterweight,"March 09, 2024"
Khamzat Girikhanov,Borz,1994.05.01,13-0-0 (Win-Loss-Draw),"$250,000 USD","6'2"" (188cm)","75.0"" (191cm)",185.5 lbs,Middleweight,"October 21, 2023"
Michael Malott,Proper,1991.11.07,10-2-1 (Win-Loss-Draw),"$100,000 USD","6'1"" (185cm)","73.0"" (185cm)",170.5 lbs,Welterweight,"January 20, 2024"
Israel Mobolaji Odunayo Adesanya,The Last Stylebender,1989.07.22,24-3-0 (Win-Loss-Draw),"$1,468,000 USD","6'4"" (193cm)","80.0"" (203cm)",184.8 lbs,Middleweight,"September 09, 2023"
Mateusz Tadeusz Rebecki,Rebeasti,1992.10.03,19-2-0 (Win-Loss-Draw),$0 USD,"5'7"" (169cm)","66.0"" (168cm)",155.3 lbs,Lightweight,"May 11, 2024"
Ariane Lipski,Queen of Violence,1994.01.26,17-9-0 (Win-Loss-Draw),"$142,000 USD","5'6"" (168cm)","67.0"" (170cm)",126.0 lbs,Flyweight,"April 27, 2024"
Carlos Sao Murry Ulberg,Black Jag,1990.11.17,10-1-0 (Win-Loss-Draw),"$150,000 USD","6'4"" (193cm)","77.0"" (196cm)",205.0 lbs,Light Heavyweight,"May 11, 2024"
